日期,收盘,开盘,高,低,交易量,涨跌幅
2017年1月3日,953,953,953,953,-,-0.83%
2017年1月4日,969,969,969,969,-,1.68%
2017年1月5日,983,983,983,983,-,1.44%
2017年1月6日,963,963,963,963,-,-2.03%
2017年1月9日,949,949,949,949,-,-1.45%
2017年1月10日,926,926,926,926,-,-2.42%
2017年1月11日,894,894,894,894,-,-3.46%
2017年1月12日,892,892,892,892,-,-0.22%
2017年1月13日,910,910,910,910,-,2.02%
2017年1月16日,925,925,925,925,-,1.65%
2017年1月17日,922,922,922,922,-,-0.32%
2017年1月18日,952,952,952,952,-,3.25%
2017年1月19日,942,942,942,942,-,-1.05%
2017年1月20日,925,925,925,925,-,-1.80%
2017年1月23日,914,914,914,914,-,-1.19%
2017年1月24日,886,886,886,886,-,-3.06%
2017年1月25日,862,862,862,862,-,-2.71%
2017年1月26日,840,840,840,840,-,-2.55%
2017年1月27日,827,827,827,827,-,-1.55%
2017年1月30日,816,816,816,816,-,-1.33%
2017年1月31日,800,800,800,800,-,-1.96%
2017年2月1日,786,786,786,786,-,-1.75%
2017年2月2日,770,770,770,770,-,-2.04%
2017年2月3日,752,752,752,752,-,-2.34%
2017年2月6日,735,735,735,735,-,-2.26%
2017年2月7日,714,714,714,714,-,-2.86%
2017年2月8日,702,702,702,702,-,-1.68%
2017年2月9日,707,707,707,707,-,0.71%
2017年2月10日,702,702,702,702,-,-0.71%
2017年2月13日,688,688,688,688,-,-1.99%
2017年2月14日,685,685,685,685,-,-0.44%
2017年2月15日,688,688,688,688,-,0.44%
2017年2月16日,710,710,710,710,-,3.20%
2017年2月17日,741,741,741,741,-,4.37%
2017年2月20日,757,757,757,757,-,2.16%
2017年2月21日,778,778,778,778,-,2.77%
2017年2月22日,806,806,806,806,-,3.60%
2017年2月23日,856,856,856,856,-,6.20%
2017年2月24日,875,875,875,875,-,2.22%
2017年2月27日,878,878,878,878,-,0.34%
2017年2月28日,859,859,859,859,-,-2.16%
2017年3月1日,871,871,871,871,-,1.40%
2017年3月2日,904,904,904,904,-,3.79%
2017年3月3日,939,939,939,939,-,3.87%
2017年3月6日,979,979,979,979,-,4.26%
2017年3月7日,"1,033.00","1,033.00","1,033.00","1,033.00",-,5.52%
2017年3月8日,"1,045.00","1,045.00","1,045.00","1,045.00",-,1.16%
2017年3月9日,"1,064.00","1,064.00","1,064.00","1,064.00",-,1.82%
2017年3月10日,"1,086.00","1,086.00","1,086.00","1,086.00",-,2.07%
2017年3月13日,"1,099.00","1,099.00","1,099.00","1,099.00",-,1.20%
2017年3月14日,"1,112.00","1,112.00","1,112.00","1,112.00",-,1.18%
2017年3月15日,"1,147.00","1,147.00","1,147.00","1,147.00",-,3.15%
2017年3月16日,"1,172.00","1,172.00","1,172.00","1,172.00",-,2.18%
2017年3月17日,"1,196.00","1,196.00","1,196.00","1,196.00",-,2.05%
2017年3月20日,"1,205.00","1,205.00","1,205.00","1,205.00",-,0.75%
2017年3月21日,"1,200.00","1,200.00","1,200.00","1,200.00",-,-0.41%
2017年3月22日,"1,190.00","1,190.00","1,190.00","1,190.00",-,-0.83%
2017年3月23日,"1,196.00","1,196.00","1,196.00","1,196.00",-,0.50%
2017年3月24日,"1,240.00","1,240.00","1,240.00","1,240.00",-,3.68%
2017年3月27日,"1,282.00","1,282.00","1,282.00","1,282.00",-,3.39%
2017年3月28日,"1,333.00","1,333.00","1,333.00","1,333.00",-,3.98%
2017年3月29日,"1,338.00","1,338.00","1,338.00","1,338.00",-,0.38%
2017年3月30日,"1,324.00","1,324.00","1,324.00","1,324.00",-,-1.05%
2017年3月31日,"1,297.00","1,297.00","1,297.00","1,297.00",-,-2.04%
2017年4月3日,"1,282.00","1,282.00","1,282.00","1,282.00",-,-1.16%
2017年4月4日,"1,255.00","1,255.00","1,255.00","1,255.00",-,-2.11%
2017年4月5日,"1,223.00","1,223.00","1,223.00","1,223.00",-,-2.55%
2017年4月6日,"1,215.00","1,215.00","1,215.00","1,215.00",-,-0.65%
2017年4月7日,"1,223.00","1,223.00","1,223.00","1,223.00",-,0.66%
2017年4月10日,"1,231.00","1,231.00","1,231.00","1,231.00",-,0.65%
2017年4月11日,"1,262.00","1,262.00","1,262.00","1,262.00",-,2.52%
2017年4月12日,"1,282.00","1,282.00","1,282.00","1,282.00",-,1.58%
2017年4月13日,"1,296.00","1,296.00","1,296.00","1,296.00",-,1.09%
2017年4月18日,"1,294.00","1,294.00","1,294.00","1,294.00",-,-0.15%
2017年4月19日,"1,278.00","1,278.00","1,278.00","1,278.00",-,-1.24%
2017年4月20日,"1,243.00","1,243.00","1,243.00","1,243.00",-,-2.74%
2017年4月21日,"1,195.00","1,195.00","1,195.00","1,195.00",-,-3.86%
2017年4月24日,"1,170.00","1,170.00","1,170.00","1,170.00",-,-2.09%
2017年4月25日,"1,154.00","1,154.00","1,154.00","1,154.00",-,-1.37%
2017年4月26日,"1,147.00","1,147.00","1,147.00","1,147.00",-,-0.61%
2017年4月27日,"1,134.00","1,134.00","1,134.00","1,134.00",-,-1.13%
2017年4月28日,"1,109.00","1,109.00","1,109.00","1,109.00",-,-2.20%
2017年5月2日,"1,073.00","1,073.00","1,073.00","1,073.00",-,-3.25%
2017年5月3日,"1,034.00","1,034.00","1,034.00","1,034.00",-,-3.63%
2017年5月4日,"1,004.00","1,004.00","1,004.00","1,004.00",-,-2.90%
2017年5月5日,994,994,994,994,-,-1.00%
2017年5月8日,"1,001.00","1,001.00","1,001.00","1,001.00",-,0.70%
2017年5月9日,"1,007.00","1,007.00","1,007.00","1,007.00",-,0.60%
2017年5月10日,"1,005.00","1,005.00","1,005.00","1,005.00",-,-0.20%
2017年5月11日,"1,012.00","1,012.00","1,012.00","1,012.00",-,0.70%
2017年5月12日,"1,014.00","1,014.00","1,014.00","1,014.00",-,0.20%
2017年5月15日,994,994,994,994,-,-1.97%
2017年5月16日,980,980,980,980,-,-1.41%
2017年5月17日,960,960,960,960,-,-2.04%
2017年5月18日,957,957,957,957,-,-0.31%
2017年5月19日,956,956,956,956,-,-0.10%
2017年5月22日,954,954,954,954,-,-0.21%
2017年5月23日,949,949,949,949,-,-0.52%
2017年5月24日,934,934,934,934,-,-1.58%
2017年5月25日,918,918,918,918,-,-1.71%
2017年5月26日,912,912,912,912,-,-0.65%
2017年5月30日,900,900,900,900,-,-1.32%
2017年5月31日,878,878,878,878,-,-2.44%
2017年6月1日,850,850,850,850,-,-3.19%
2017年6月2日,830,830,830,830,-,-2.35%
2017年6月5日,821,821,821,821,-,-1.08%
2017年6月6日,818,818,818,818,-,-0.37%
2017年6月7日,821,821,821,821,-,0.37%
2017年6月8日,824,824,824,824,-,0.37%
2017年6月9日,849,849,849,849,-,3.03%
2017年6月12日,870,870,870,870,-,2.47%
2017年6月13日,870,870,870,870,-,0.00%
2017年6月14日,865,865,865,865,-,-0.57%
2017年6月15日,855,855,855,855,-,-1.16%
2017年6月16日,851,851,851,851,-,-0.47%
2017年6月19日,848,848,848,848,-,-0.35%
2017年6月20日,847,847,847,847,-,-0.12%
2017年6月21日,844,844,844,844,-,-0.35%
2017年6月22日,855,855,855,855,-,1.30%
2017年6月23日,870,870,870,870,-,1.75%
2017年6月26日,884,884,884,884,-,1.61%
2017年6月27日,903,903,903,903,-,2.15%
2017年6月28日,929,929,929,929,-,2.88%
2017年6月29日,920,920,920,920,-,-0.97%
2017年6月30日,901,901,901,901,-,-2.07%
2017年7月3日,882,882,882,882,-,-2.11%
2017年7月4日,871,871,871,871,-,-1.25%
2017年7月5日,847,847,847,847,-,-2.76%
2017年7月6日,829,829,829,829,-,-2.13%
2017年7月7日,822,822,822,822,-,-0.84%
2017年7月10日,820,820,820,820,-,-0.24%
2017年7月11日,830,830,830,830,-,1.22%
2017年7月12日,859,859,859,859,-,3.49%
2017年7月13日,888,888,888,888,-,3.38%
2017年7月14日,900,900,900,900,-,1.35%
2017年7月17日,912,912,912,912,-,1.33%
2017年7月18日,932,932,932,932,-,2.19%
2017年7月19日,948,948,948,948,-,1.72%
2017年7月20日,964,964,964,964,-,1.69%
2017年7月21日,977,977,977,977,-,1.35%
2017年7月24日,977,977,977,977,-,0.00%
2017年7月25日,980,980,980,980,-,0.31%
2017年7月26日,968,968,968,968,-,-1.22%
2017年7月27日,942,942,942,942,-,-2.69%
2017年7月28日,933,933,933,933,-,-0.96%
2017年7月31日,946,946,946,946,-,1.39%
2017年8月1日,965,965,965,965,-,2.01%
2017年8月2日,993,993,993,993,-,2.90%
2017年8月3日,"1,023.00","1,023.00","1,023.00","1,023.00",-,3.02%
2017年8月4日,"1,032.00","1,032.00","1,032.00","1,032.00",-,0.88%
2017年8月7日,"1,036.00","1,036.00","1,036.00","1,036.00",-,0.39%
2017年8月8日,"1,038.00","1,038.00","1,038.00","1,038.00",-,0.19%
2017年8月9日,"1,050.00","1,050.00","1,050.00","1,050.00",-,1.16%
2017年8月10日,"1,092.00","1,092.00","1,092.00","1,092.00",-,4.00%
2017年8月11日,"1,138.00","1,138.00","1,138.00","1,138.00",-,4.21%
2017年8月14日,"1,155.00","1,155.00","1,155.00","1,155.00",-,1.49%
2017年8月15日,"1,169.00","1,169.00","1,169.00","1,169.00",-,1.21%
2017年8月16日,"1,207.00","1,207.00","1,207.00","1,207.00",-,3.25%
2017年8月17日,"1,247.00","1,247.00","1,247.00","1,247.00",-,3.31%
2017年8月18日,"1,260.00","1,260.00","1,260.00","1,260.00",-,1.04%
2017年8月21日,"1,266.00","1,266.00","1,266.00","1,266.00",-,0.48%
2017年8月22日,"1,249.00","1,249.00","1,249.00","1,249.00",-,-1.34%
2017年8月23日,"1,222.00","1,222.00","1,222.00","1,222.00",-,-2.16%
2017年8月24日,"1,200.00","1,200.00","1,200.00","1,200.00",-,-1.80%
2017年8月25日,"1,209.00","1,209.00","1,209.00","1,209.00",-,0.75%
2017年8月29日,"1,203.00","1,203.00","1,203.00","1,203.00",-,-0.50%
2017年8月30日,"1,181.00","1,181.00","1,181.00","1,181.00",-,-1.83%
2017年8月31日,"1,184.00","1,184.00","1,184.00","1,184.00",-,0.25%
2017年9月1日,"1,183.00","1,183.00","1,183.00","1,183.00",-,-0.08%
2017年9月4日,"1,187.00","1,187.00","1,187.00","1,187.00",-,0.34%
2017年9月5日,"1,215.00","1,215.00","1,215.00","1,215.00",-,2.36%
2017年9月6日,"1,250.00","1,250.00","1,250.00","1,250.00",-,2.88%
2017年9月7日,"1,296.00","1,296.00","1,296.00","1,296.00",-,3.68%
2017年9月8日,"1,332.00","1,332.00","1,332.00","1,332.00",-,2.78%
2017年9月11日,"1,355.00","1,355.00","1,355.00","1,355.00",-,1.73%
2017年9月12日,"1,344.00","1,344.00","1,344.00","1,344.00",-,-0.81%
2017年9月13日,"1,337.00","1,337.00","1,337.00","1,337.00",-,-0.52%
2017年9月14日,"1,361.00","1,361.00","1,361.00","1,361.00",-,1.80%
2017年9月15日,"1,385.00","1,385.00","1,385.00","1,385.00",-,1.76%
2017年9月18日,"1,398.00","1,398.00","1,398.00","1,398.00",-,0.94%
2017年9月19日,"1,415.00","1,415.00","1,415.00","1,415.00",-,1.22%
2017年9月20日,"1,449.00","1,449.00","1,449.00","1,449.00",-,2.40%
2017年9月21日,"1,470.00","1,470.00","1,470.00","1,470.00",-,1.45%
2017年9月22日,"1,502.00","1,502.00","1,502.00","1,502.00",-,2.18%
2017年9月25日,"1,503.00","1,503.00","1,503.00","1,503.00",-,0.07%
2017年9月26日,"1,476.00","1,476.00","1,476.00","1,476.00",-,-1.80%
2017年9月27日,"1,429.00","1,429.00","1,429.00","1,429.00",-,-3.18%
2017年9月28日,"1,391.00","1,391.00","1,391.00","1,391.00",-,-2.66%
2017年9月29日,"1,356.00","1,356.00","1,356.00","1,356.00",-,-2.52%
2017年10月2日,"1,328.00","1,328.00","1,328.00","1,328.00",-,-2.06%
2017年10月3日,"1,308.00","1,308.00","1,308.00","1,308.00",-,-1.51%
2017年10月4日,"1,320.00","1,320.00","1,320.00","1,320.00",-,0.92%
2017年10月5日,"1,382.00","1,382.00","1,382.00","1,382.00",-,4.70%
2017年10月6日,"1,405.00","1,405.00","1,405.00","1,405.00",-,1.66%
2017年10月9日,"1,411.00","1,411.00","1,411.00","1,411.00",-,0.43%
2017年10月10日,"1,418.00","1,418.00","1,418.00","1,418.00",-,0.50%
2017年10月11日,"1,433.00","1,433.00","1,433.00","1,433.00",-,1.06%
2017年10月12日,"1,458.00","1,458.00","1,458.00","1,458.00",-,1.74%
2017年10月13日,"1,485.00","1,485.00","1,485.00","1,485.00",-,1.85%
2017年10月16日,"1,523.00","1,523.00","1,523.00","1,523.00",-,2.56%
2017年10月17日,"1,552.00","1,552.00","1,552.00","1,552.00",-,1.90%
2017年10月18日,"1,566.00","1,566.00","1,566.00","1,566.00",-,0.90%
2017年10月19日,"1,582.00","1,582.00","1,582.00","1,582.00",-,1.02%
2017年10月20日,"1,578.00","1,578.00","1,578.00","1,578.00",-,-0.25%
2017年10月23日,"1,586.00","1,586.00","1,586.00","1,586.00",-,0.51%
2017年10月24日,"1,588.00","1,588.00","1,588.00","1,588.00",-,0.13%
2017年10月25日,"1,573.00","1,573.00","1,573.00","1,573.00",-,-0.94%
2017年10月26日,"1,555.00","1,555.00","1,555.00","1,555.00",-,-1.14%
2017年10月27日,"1,546.00","1,546.00","1,546.00","1,546.00",-,-0.58%
2017年10月30日,"1,534.00","1,534.00","1,534.00","1,534.00",-,-0.78%
2017年10月31日,"1,522.00","1,522.00","1,522.00","1,522.00",-,-0.78%
2017年11月1日,"1,496.00","1,496.00","1,496.00","1,496.00",-,-1.71%
2017年11月2日,"1,482.00","1,482.00","1,482.00","1,482.00",-,-0.94%
2017年11月3日,"1,476.00","1,476.00","1,476.00","1,476.00",-,-0.40%
2017年11月6日,"1,473.00","1,473.00","1,473.00","1,473.00",-,-0.20%
2017年11月7日,"1,477.00","1,477.00","1,477.00","1,477.00",-,0.27%
2017年11月8日,"1,486.00","1,486.00","1,486.00","1,486.00",-,0.61%
2017年11月9日,"1,481.00","1,481.00","1,481.00","1,481.00",-,-0.34%
2017年11月10日,"1,464.00","1,464.00","1,464.00","1,464.00",-,-1.15%
2017年11月13日,"1,445.00","1,445.00","1,445.00","1,445.00",-,-1.30%
2017年11月14日,"1,405.00","1,405.00","1,405.00","1,405.00",-,-2.77%
2017年11月15日,"1,374.00","1,374.00","1,374.00","1,374.00",-,-2.21%
2017年11月16日,"1,361.00","1,361.00","1,361.00","1,361.00",-,-0.95%
2017年11月17日,"1,371.00","1,371.00","1,371.00","1,371.00",-,0.73%
2017年11月20日,"1,385.00","1,385.00","1,385.00","1,385.00",-,1.02%
2017年11月21日,"1,396.00","1,396.00","1,396.00","1,396.00",-,0.79%
2017年11月22日,"1,413.00","1,413.00","1,413.00","1,413.00",-,1.22%
2017年11月23日,"1,445.00","1,445.00","1,445.00","1,445.00",-,2.26%
2017年11月24日,"1,458.00","1,458.00","1,458.00","1,458.00",-,0.90%
2017年11月27日,"1,477.00","1,477.00","1,477.00","1,477.00",-,1.30%
2017年11月28日,"1,506.00","1,506.00","1,506.00","1,506.00",-,1.96%
2017年11月29日,"1,536.00","1,536.00","1,536.00","1,536.00",-,1.99%
2017年11月30日,"1,578.00","1,578.00","1,578.00","1,578.00",-,2.73%
2017年12月1日,"1,626.00","1,626.00","1,626.00","1,626.00",-,3.04%
2017年12月4日,"1,662.00","1,662.00","1,662.00","1,662.00",-,2.21%
2017年12月5日,"1,666.00","1,666.00","1,666.00","1,666.00",-,0.24%
2017年12月6日,"1,670.00","1,670.00","1,670.00","1,670.00",-,0.24%
2017年12月7日,"1,679.00","1,679.00","1,679.00","1,679.00",-,0.54%
2017年12月8日,"1,702.00","1,702.00","1,702.00","1,702.00",-,1.37%
2017年12月11日,"1,727.00","1,727.00","1,727.00","1,727.00",-,1.47%
2017年12月12日,"1,743.00","1,743.00","1,743.00","1,743.00",-,0.93%
2017年12月13日,"1,730.00","1,730.00","1,730.00","1,730.00",-,-0.75%
2017年12月14日,"1,668.00","1,668.00","1,668.00","1,668.00",-,-3.58%
2017年12月15日,"1,619.00","1,619.00","1,619.00","1,619.00",-,-2.94%
2017年12月18日,"1,588.00","1,588.00","1,588.00","1,588.00",-,-1.91%
2017年12月19日,"1,547.00","1,547.00","1,547.00","1,547.00",-,-2.58%
2017年12月20日,"1,476.00","1,476.00","1,476.00","1,476.00",-,-4.59%
2017年12月21日,"1,430.00","1,430.00","1,430.00","1,430.00",-,-3.12%
2017年12月22日,"1,366.00","1,366.00","1,366.00","1,366.00",-,-4.48%
2018年1月2日,"1,230.00","1,230.00","1,230.00","1,230.00",-,-9.96%
2018年1月3日,"1,262.00","1,262.00","1,262.00","1,262.00",-,2.60%
2018年1月4日,"1,341.00","1,341.00","1,341.00","1,341.00",-,6.26%
2018年1月5日,"1,371.00","1,371.00","1,371.00","1,371.00",-,2.24%
2018年1月8日,"1,385.00","1,385.00","1,385.00","1,385.00",-,1.02%
2018年1月9日,"1,395.00","1,395.00","1,395.00","1,395.00",-,0.72%
2018年1月10日,"1,366.00","1,366.00","1,366.00","1,366.00",-,-2.08%
2018年1月11日,"1,303.00","1,303.00","1,303.00","1,303.00",-,-4.61%
2018年1月12日,"1,279.00","1,279.00","1,279.00","1,279.00",-,-1.84%
2018年1月15日,"1,264.00","1,264.00","1,264.00","1,264.00",-,-1.17%
2018年1月16日,"1,221.00","1,221.00","1,221.00","1,221.00",-,-3.40%
2018年1月17日,"1,164.00","1,164.00","1,164.00","1,164.00",-,-4.67%
2018年1月18日,"1,139.00","1,139.00","1,139.00","1,139.00",-,-2.15%
2018年1月19日,"1,125.00","1,125.00","1,125.00","1,125.00",-,-1.23%
2018年1月22日,"1,129.00","1,129.00","1,129.00","1,129.00",-,0.36%
2018年1月23日,"1,157.00","1,157.00","1,157.00","1,157.00",-,2.48%
2018年1月24日,"1,200.00","1,200.00","1,200.00","1,200.00",-,3.72%
2018年1月25日,"1,217.00","1,217.00","1,217.00","1,217.00",-,1.42%
2018年1月26日,"1,219.00","1,219.00","1,219.00","1,219.00",-,0.16%
2018年1月29日,"1,214.00","1,214.00","1,214.00","1,214.00",-,-0.41%
2018年1月30日,"1,191.00","1,191.00","1,191.00","1,191.00",-,-1.89%
2018年1月31日,"1,152.00","1,152.00","1,152.00","1,152.00",-,-3.27%
2018年2月1日,"1,114.00","1,114.00","1,114.00","1,114.00",-,-3.30%
2018年2月2日,"1,095.00","1,095.00","1,095.00","1,095.00",-,-1.71%
2018年2月5日,"1,082.00","1,082.00","1,082.00","1,082.00",-,-1.19%
2018年2月6日,"1,095.00","1,095.00","1,095.00","1,095.00",-,1.20%
2018年2月7日,"1,097.00","1,097.00","1,097.00","1,097.00",-,0.18%
2018年2月8日,"1,106.00","1,106.00","1,106.00","1,106.00",-,0.82%
2018年2月9日,"1,125.00","1,125.00","1,125.00","1,125.00",-,1.72%
2018年2月12日,"1,123.00","1,123.00","1,123.00","1,123.00",-,-0.18%
2018年2月13日,"1,114.00","1,114.00","1,114.00","1,114.00",-,-0.80%
2018年2月14日,"1,095.00","1,095.00","1,095.00","1,095.00",-,-1.71%
2018年2月15日,"1,089.00","1,089.00","1,089.00","1,089.00",-,-0.55%
2018年2月16日,"1,084.00","1,084.00","1,084.00","1,084.00",-,-0.46%
2018年2月19日,"1,087.00","1,087.00","1,087.00","1,087.00",-,0.28%
2018年2月20日,"1,117.00","1,117.00","1,117.00","1,117.00",-,2.76%
2018年2月21日,"1,146.00","1,146.00","1,146.00","1,146.00",-,2.60%
2018年2月22日,"1,167.00","1,167.00","1,167.00","1,167.00",-,1.83%
2018年2月23日,"1,185.00","1,185.00","1,185.00","1,185.00",-,1.54%
2018年2月26日,"1,191.00","1,191.00","1,191.00","1,191.00",-,0.51%
2018年2月27日,"1,188.00","1,188.00","1,188.00","1,188.00",-,-0.25%
2018年2月28日,"1,192.00","1,192.00","1,192.00","1,192.00",-,0.34%
2018年3月1日,"1,196.00","1,196.00","1,196.00","1,196.00",-,0.34%
2018年3月2日,"1,207.00","1,207.00","1,207.00","1,207.00",-,0.92%
2018年3月5日,"1,210.00","1,210.00","1,210.00","1,210.00",-,0.25%
2018年3月6日,"1,212.00","1,212.00","1,212.00","1,212.00",-,0.17%
2018年3月7日,"1,191.00","1,191.00","1,191.00","1,191.00",-,-1.73%
2018年3月8日,"1,197.00","1,197.00","1,197.00","1,197.00",-,0.50%
2018年3月9日,"1,201.00","1,201.00","1,201.00","1,201.00",-,0.33%
2018年3月12日,"1,192.00","1,192.00","1,192.00","1,192.00",-,-0.75%
2018年3月13日,"1,179.00","1,179.00","1,179.00","1,179.00",-,-1.09%
2018年3月14日,"1,169.00","1,169.00","1,169.00","1,169.00",-,-0.85%
2018年3月15日,"1,150.00","1,150.00","1,150.00","1,150.00",-,-1.63%
2018年3月16日,"1,143.00","1,143.00","1,143.00","1,143.00",-,-0.61%
2018年3月19日,"1,136.00","1,136.00","1,136.00","1,136.00",-,-0.61%
2018年3月20日,"1,122.00","1,122.00","1,122.00","1,122.00",-,-1.23%
2018年3月21日,"1,117.00","1,117.00","1,117.00","1,117.00",-,-0.45%
2018年3月22日,"1,117.00","1,117.00","1,117.00","1,117.00",-,0.00%
2018年3月23日,"1,122.00","1,122.00","1,122.00","1,122.00",-,0.45%
2018年3月26日,"1,126.00","1,126.00","1,126.00","1,126.00",-,0.36%
2018年3月27日,"1,117.00","1,117.00","1,117.00","1,117.00",-,-0.80%
2018年3月28日,"1,080.00","1,080.00","1,080.00","1,080.00",-,-3.31%
2018年3月29日,"1,055.00","1,055.00","1,055.00","1,055.00",-,-2.31%
2018年4月3日,"1,016.00","1,016.00","1,016.00","1,016.00",-,-3.70%
2018年4月4日,977,977,977,977,-,-3.84%
2018年4月5日,953,953,953,953,-,-2.46%
2018年4月6日,948,948,948,948,-,-0.52%
2018年4月9日,952,952,952,952,-,0.42%
2018年4月10日,974,974,974,974,-,2.31%
2018年4月11日,979,979,979,979,-,0.51%
2018年4月12日,993,993,993,993,-,1.43%
2018年4月13日,"1,014.00","1,014.00","1,014.00","1,014.00",-,2.11%
2018年4月16日,"1,025.00","1,025.00","1,025.00","1,025.00",-,1.08%
2018年4月17日,"1,052.00","1,052.00","1,052.00","1,052.00",-,2.63%
2018年4月18日,"1,124.00","1,124.00","1,124.00","1,124.00",-,6.84%
2018年4月19日,"1,201.00","1,201.00","1,201.00","1,201.00",-,6.85%
2018年4月20日,"1,281.00","1,281.00","1,281.00","1,281.00",-,6.66%
2018年4月23日,"1,306.00","1,306.00","1,306.00","1,306.00",-,1.95%
2018年4月24日,"1,330.00","1,330.00","1,330.00","1,330.00",-,1.84%
2018年4月25日,"1,376.00","1,376.00","1,376.00","1,376.00",-,3.46%
2018年4月26日,"1,375.00","1,375.00","1,375.00","1,375.00",-,-0.07%
2018年4月27日,"1,361.00","1,361.00","1,361.00","1,361.00",-,-1.02%
2018年4月30日,"1,341.00","1,341.00","1,341.00","1,341.00",-,-1.47%
2018年5月1日,"1,327.00","1,327.00","1,327.00","1,327.00",-,-1.04%
2018年5月2日,"1,346.00","1,346.00","1,346.00","1,346.00",-,1.43%
2018年5月3日,"1,376.00","1,376.00","1,376.00","1,376.00",-,2.23%
2018年5月4日,"1,384.00","1,384.00","1,384.00","1,384.00",-,0.58%
2018年5月8日,"1,432.00","1,432.00","1,432.00","1,432.00",-,3.47%
2018年5月9日,"1,465.00","1,465.00","1,465.00","1,465.00",-,2.30%
2018年5月10日,"1,453.00","1,453.00","1,453.00","1,453.00",-,-0.82%
2018年5月11日,"1,472.00","1,472.00","1,472.00","1,472.00",-,1.31%
2018年5月14日,"1,476.00","1,476.00","1,476.00","1,476.00",-,0.27%
2018年5月15日,"1,468.00","1,468.00","1,468.00","1,468.00",-,-0.54%
2018年5月16日,"1,403.00","1,403.00","1,403.00","1,403.00",-,-4.43%
2018年5月17日,"1,305.00","1,305.00","1,305.00","1,305.00",-,-6.99%
2018年5月18日,"1,273.00","1,273.00","1,273.00","1,273.00",-,-2.45%
2018年5月21日,"1,239.00","1,239.00","1,239.00","1,239.00",-,-2.67%
2018年5月22日,"1,199.00","1,199.00","1,199.00","1,199.00",-,-3.23%
2018年5月23日,"1,162.00","1,162.00","1,162.00","1,162.00",-,-3.09%
2018年5月24日,"1,109.00","1,109.00","1,109.00","1,109.00",-,-4.56%
2018年5月25日,"1,077.00","1,077.00","1,077.00","1,077.00",-,-2.89%
2018年5月29日,"1,057.00","1,057.00","1,057.00","1,057.00",-,-1.86%
2018年5月30日,"1,042.00","1,042.00","1,042.00","1,042.00",-,-1.42%
2018年5月31日,"1,090.00","1,090.00","1,090.00","1,090.00",-,4.61%
2018年6月1日,"1,156.00","1,156.00","1,156.00","1,156.00",-,6.06%
2018年6月4日,"1,193.00","1,193.00","1,193.00","1,193.00",-,3.20%
2018年6月5日,"1,249.00","1,249.00","1,249.00","1,249.00",-,4.69%
2018年6月6日,"1,340.00","1,340.00","1,340.00","1,340.00",-,7.29%
2018年6月7日,"1,395.00","1,395.00","1,395.00","1,395.00",-,4.10%
2018年6月8日,"1,391.00","1,391.00","1,391.00","1,391.00",-,-0.29%
2018年6月11日,"1,387.00","1,387.00","1,387.00","1,387.00",-,-0.29%
2018年6月12日,"1,390.00","1,390.00","1,390.00","1,390.00",-,0.22%
2018年6月13日,"1,404.00","1,404.00","1,404.00","1,404.00",-,1.01%
2018年6月14日,"1,433.00","1,433.00","1,433.00","1,433.00",-,2.07%
2018年6月15日,"1,445.00","1,445.00","1,445.00","1,445.00",-,0.84%
2018年6月18日,"1,442.00","1,442.00","1,442.00","1,442.00",-,-0.21%
2018年6月19日,"1,419.00","1,419.00","1,419.00","1,419.00",-,-1.60%
2018年6月20日,"1,373.00","1,373.00","1,373.00","1,373.00",-,-3.24%
2018年6月21日,"1,347.00","1,347.00","1,347.00","1,347.00",-,-1.89%
2018年6月22日,"1,341.00","1,341.00","1,341.00","1,341.00",-,-0.45%
2018年6月25日,"1,333.00","1,333.00","1,333.00","1,333.00",-,-0.60%
2018年6月26日,"1,323.00","1,323.00","1,323.00","1,323.00",-,-0.75%
2018年6月27日,"1,309.00","1,309.00","1,309.00","1,309.00",-,-1.06%
2018年6月28日,"1,329.00","1,329.00","1,329.00","1,329.00",-,1.53%
2018年6月29日,"1,385.00","1,385.00","1,385.00","1,385.00",-,4.21%
2018年7月2日,"1,422.00","1,422.00","1,422.00","1,422.00",-,2.67%
2018年7月3日,"1,476.00","1,476.00","1,476.00","1,476.00",-,3.80%
2018年7月4日,"1,567.00","1,567.00","1,567.00","1,567.00",-,6.17%
2018年7月5日,"1,612.00","1,612.00","1,612.00","1,612.00",-,2.87%
2018年7月6日,"1,622.00","1,622.00","1,622.00","1,622.00",-,0.62%
2018年7月9日,"1,609.00","1,609.00","1,609.00","1,609.00",-,-0.80%
2018年7月10日,"1,555.00","1,555.00","1,555.00","1,555.00",-,-3.36%
2018年7月11日,"1,586.00","1,586.00","1,586.00","1,586.00",-,1.99%
2018年7月12日,"1,632.00","1,632.00","1,632.00","1,632.00",-,2.90%
2018年7月13日,"1,666.00","1,666.00","1,666.00","1,666.00",-,2.08%
2018年7月16日,"1,695.00","1,695.00","1,695.00","1,695.00",-,1.74%
2018年7月17日,"1,721.00","1,721.00","1,721.00","1,721.00",-,1.53%
2018年7月18日,"1,688.00","1,688.00","1,688.00","1,688.00",-,-1.92%
2018年7月19日,"1,657.00","1,657.00","1,657.00","1,657.00",-,-1.84%
2018年7月20日,"1,689.00","1,689.00","1,689.00","1,689.00",-,1.93%
2018年7月23日,"1,718.00","1,718.00","1,718.00","1,718.00",-,1.72%
2018年7月24日,"1,774.00","1,774.00","1,774.00","1,774.00",-,3.26%
2018年7月25日,"1,772.00","1,772.00","1,772.00","1,772.00",-,-0.11%
2018年7月26日,"1,708.00","1,708.00","1,708.00","1,708.00",-,-3.61%
2018年7月27日,"1,676.00","1,676.00","1,676.00","1,676.00",-,-1.87%
2018年7月30日,"1,703.00","1,703.00","1,703.00","1,703.00",-,1.61%
2018年7月31日,"1,747.00","1,747.00","1,747.00","1,747.00",-,2.58%
2018年8月1日,"1,760.00","1,760.00","1,760.00","1,760.00",-,0.74%
2018年8月2日,"1,756.00","1,756.00","1,756.00","1,756.00",-,-0.23%
2018年8月3日,"1,773.00","1,773.00","1,773.00","1,773.00",-,0.97%
2018年8月6日,"1,773.00","1,773.00","1,773.00","1,773.00",-,0.00%
2018年8月7日,"1,732.00","1,732.00","1,732.00","1,732.00",-,-2.31%
2018年8月8日,"1,704.00","1,704.00","1,704.00","1,704.00",-,-1.62%
2018年8月9日,"1,694.00","1,694.00","1,694.00","1,694.00",-,-0.59%
2018年8月10日,"1,691.00","1,691.00","1,691.00","1,691.00",-,-0.18%
2018年8月13日,"1,709.00","1,709.00","1,709.00","1,709.00",-,1.06%
2018年8月14日,"1,725.00","1,725.00","1,725.00","1,725.00",-,0.94%
2018年8月15日,"1,727.00","1,727.00","1,727.00","1,727.00",-,0.12%
2018年8月16日,"1,720.00","1,720.00","1,720.00","1,720.00",-,-0.41%
2018年8月17日,"1,723.00","1,723.00","1,723.00","1,723.00",-,0.17%
2018年8月20日,"1,727.00","1,727.00","1,727.00","1,727.00",-,0.23%
2018年8月21日,"1,736.00","1,736.00","1,736.00","1,736.00",-,0.52%
2018年8月22日,"1,735.00","1,735.00","1,735.00","1,735.00",-,-0.06%
2018年8月23日,"1,709.00","1,709.00","1,709.00","1,709.00",-,-1.50%
2018年8月24日,"1,697.00","1,697.00","1,697.00","1,697.00",-,-0.70%
2018年8月28日,"1,684.00","1,684.00","1,684.00","1,684.00",-,-0.77%
2018年8月29日,"1,661.00","1,661.00","1,661.00","1,661.00",-,-1.37%
2018年8月30日,"1,614.00","1,614.00","1,614.00","1,614.00",-,-2.83%
2018年8月31日,"1,579.00","1,579.00","1,579.00","1,579.00",-,-2.17%
2018年9月3日,"1,557.00","1,557.00","1,557.00","1,557.00",-,-1.39%
2018年9月4日,"1,513.00","1,513.00","1,513.00","1,513.00",-,-2.83%
2018年9月5日,"1,477.00","1,477.00","1,477.00","1,477.00",-,-2.38%
2018年9月6日,"1,484.00","1,484.00","1,484.00","1,484.00",-,0.47%
2018年9月7日,"1,490.00","1,490.00","1,490.00","1,490.00",-,0.40%
2018年9月10日,"1,482.00","1,482.00","1,482.00","1,482.00",-,-0.54%
2018年9月11日,"1,439.00","1,439.00","1,439.00","1,439.00",-,-2.90%
2018年9月12日,"1,411.00","1,411.00","1,411.00","1,411.00",-,-1.95%
2018年9月13日,"1,382.00","1,382.00","1,382.00","1,382.00",-,-2.06%
2018年9月14日,"1,366.00","1,366.00","1,366.00","1,366.00",-,-1.16%
2018年9月17日,"1,357.00","1,357.00","1,357.00","1,357.00",-,-0.66%
2018年9月18日,"1,356.00","1,356.00","1,356.00","1,356.00",-,-0.07%
2018年9月19日,"1,373.00","1,373.00","1,373.00","1,373.00",-,1.25%
2018年9月20日,"1,396.00","1,396.00","1,396.00","1,396.00",-,1.68%
2018年9月21日,"1,413.00","1,413.00","1,413.00","1,413.00",-,1.22%
2018年9月24日,"1,434.00","1,434.00","1,434.00","1,434.00",-,1.49%
2018年9月25日,"1,450.00","1,450.00","1,450.00","1,450.00",-,1.12%
2018年9月26日,"1,503.00","1,503.00","1,503.00","1,503.00",-,3.66%
2018年9月27日,"1,524.00","1,524.00","1,524.00","1,524.00",-,1.40%
2018年9月28日,"1,540.00","1,540.00","1,540.00","1,540.00",-,1.05%
2018年10月1日,"1,555.00","1,555.00","1,555.00","1,555.00",-,0.97%
2018年10月2日,"1,570.00","1,570.00","1,570.00","1,570.00",-,0.96%
2018年10月3日,"1,574.00","1,574.00","1,574.00","1,574.00",-,0.25%
2018年10月4日,"1,554.00","1,554.00","1,554.00","1,554.00",-,-1.27%
2018年10月5日,"1,536.00","1,536.00","1,536.00","1,536.00",-,-1.16%
2018年10月8日,"1,530.00","1,530.00","1,530.00","1,530.00",-,-0.39%
2018年10月9日,"1,503.00","1,503.00","1,503.00","1,503.00",-,-1.76%
2018年10月10日,"1,493.00","1,493.00","1,493.00","1,493.00",-,-0.67%
2018年10月11日,"1,515.00","1,515.00","1,515.00","1,515.00",-,1.47%
2018年10月12日,"1,579.00","1,579.00","1,579.00","1,579.00",-,4.22%
2018年10月15日,"1,584.00","1,584.00","1,584.00","1,584.00",-,0.32%
2018年10月16日,"1,578.00","1,578.00","1,578.00","1,578.00",-,-0.38%
2018年10月17日,"1,554.00","1,554.00","1,554.00","1,554.00",-,-1.52%
2018年10月18日,"1,565.00","1,565.00","1,565.00","1,565.00",-,0.71%
2018年10月19日,"1,576.00","1,576.00","1,576.00","1,576.00",-,0.70%
2018年10月22日,"1,579.00","1,579.00","1,579.00","1,579.00",-,0.19%
2018年10月23日,"1,577.00","1,577.00","1,577.00","1,577.00",-,-0.13%
2018年10月24日,"1,546.00","1,546.00","1,546.00","1,546.00",-,-1.97%
2018年10月25日,"1,516.00","1,516.00","1,516.00","1,516.00",-,-1.94%
2018年10月26日,"1,519.00","1,519.00","1,519.00","1,519.00",-,0.20%
2018年10月29日,"1,522.00","1,522.00","1,522.00","1,522.00",-,0.20%
2018年10月30日,"1,513.00","1,513.00","1,513.00","1,513.00",-,-0.59%
2018年10月31日,"1,490.00","1,490.00","1,490.00","1,490.00",-,-1.52%
2018年11月1日,"1,470.00","1,470.00","1,470.00","1,470.00",-,-1.34%
2018年11月2日,"1,457.00","1,457.00","1,457.00","1,457.00",-,-0.88%
2018年11月5日,"1,428.00","1,428.00","1,428.00","1,428.00",-,-1.99%
2018年11月6日,"1,395.00","1,395.00","1,395.00","1,395.00",-,-2.31%
2018年11月7日,"1,304.00","1,304.00","1,304.00","1,304.00",-,-6.52%
2018年11月8日,"1,231.00","1,231.00","1,231.00","1,231.00",-,-5.60%
2018年11月9日,"1,147.00","1,147.00","1,147.00","1,147.00",-,-6.82%
2018年11月12日,"1,125.00","1,125.00","1,125.00","1,125.00",-,-1.92%
2018年11月13日,"1,064.00","1,064.00","1,064.00","1,064.00",-,-5.42%
2018年11月14日,"1,009.00","1,009.00","1,009.00","1,009.00",-,-5.17%
2018年11月15日,"1,020.00","1,020.00","1,020.00","1,020.00",-,1.09%
2018年11月16日,"1,031.00","1,031.00","1,031.00","1,031.00",-,1.08%
2018年11月19日,"1,023.00","1,023.00","1,023.00","1,023.00",-,-0.78%
2018年11月20日,"1,003.00","1,003.00","1,003.00","1,003.00",-,-1.96%
2018年11月21日,"1,008.00","1,008.00","1,008.00","1,008.00",-,0.50%
2018年11月22日,"1,018.00","1,018.00","1,018.00","1,018.00",-,0.99%
2018年11月23日,"1,093.00","1,093.00","1,093.00","1,093.00",-,7.37%
2018年11月26日,"1,217.00","1,217.00","1,217.00","1,217.00",-,11.34%
2018年11月27日,"1,339.00","1,339.00","1,339.00","1,339.00",-,10.02%
2018年11月28日,"1,330.00","1,330.00","1,330.00","1,330.00",-,-0.67%
2018年11月29日,"1,281.00","1,281.00","1,281.00","1,281.00",-,-3.68%
2018年11月30日,"1,231.00","1,231.00","1,231.00","1,231.00",-,-3.90%
2018年12月3日,"1,203.00","1,203.00","1,203.00","1,203.00",-,-2.27%
2018年12月4日,"1,237.00","1,237.00","1,237.00","1,237.00",-,2.83%
2018年12月5日,"1,296.00","1,296.00","1,296.00","1,296.00",-,4.77%
2018年12月6日,"1,339.00","1,339.00","1,339.00","1,339.00",-,3.32%
2018年12月7日,"1,372.00","1,372.00","1,372.00","1,372.00",-,2.46%
2018年12月10日,"1,385.00","1,385.00","1,385.00","1,385.00",-,0.95%
2018年12月11日,"1,364.00","1,364.00","1,364.00","1,364.00",-,-1.52%
2018年12月12日,"1,353.00","1,353.00","1,353.00","1,353.00",-,-0.81%
2018年12月13日,"1,365.00","1,365.00","1,365.00","1,365.00",-,0.89%
2018年12月14日,"1,401.00","1,401.00","1,401.00","1,401.00",-,2.64%
2018年12月17日,"1,406.00","1,406.00","1,406.00","1,406.00",-,0.36%
2018年12月18日,"1,395.00","1,395.00","1,395.00","1,395.00",-,-0.78%
2018年12月19日,"1,378.00","1,378.00","1,378.00","1,378.00",-,-1.22%
2018年12月20日,"1,318.00","1,318.00","1,318.00","1,318.00",-,-4.35%
2018年12月21日,"1,279.00","1,279.00","1,279.00","1,279.00",-,-2.96%
2018年12月24日,"1,271.00","1,271.00","1,271.00","1,271.00",-,-0.63%
2019年1月2日,"1,282.00","1,282.00","1,282.00","1,282.00",-,0.87%
2019年1月3日,"1,267.00","1,267.00","1,267.00","1,267.00",-,-1.17%
2019年1月4日,"1,260.00","1,260.00","1,260.00","1,260.00",-,-0.55%
2019年1月7日,"1,247.00","1,247.00","1,247.00","1,247.00",-,-1.03%
2019年1月8日,"1,262.00","1,262.00","1,262.00","1,262.00",-,1.20%
2019年1月9日,"1,238.00","1,238.00","1,238.00","1,238.00",-,-1.90%
2019年1月10日,"1,189.00","1,189.00","1,189.00","1,189.00",-,-3.96%
2019年1月11日,"1,169.00","1,169.00","1,169.00","1,169.00",-,-1.68%
2019年1月14日,"1,147.00","1,147.00","1,147.00","1,147.00",-,-1.88%
2019年1月15日,"1,096.00","1,096.00","1,096.00","1,096.00",-,-4.45%
2019年1月16日,"1,055.00","1,055.00","1,055.00","1,055.00",-,-3.74%
2019年1月17日,"1,077.00","1,077.00","1,077.00","1,077.00",-,2.09%
2019年1月18日,"1,112.00","1,112.00","1,112.00","1,112.00",-,3.25%
2019年1月21日,"1,092.00","1,092.00","1,092.00","1,092.00",-,-1.80%
2019年1月22日,"1,036.00","1,036.00","1,036.00","1,036.00",-,-5.13%
2019年1月23日,982,982,982,982,-,-5.21%
2019年1月24日,939,939,939,939,-,-4.38%
2019年1月25日,905,905,905,905,-,-3.62%
2019年1月28日,852,852,852,852,-,-5.86%
2019年1月29日,797,797,797,797,-,-6.46%
2019年1月30日,721,721,721,721,-,-9.54%
2019年1月31日,668,668,668,668,-,-7.35%
2019年2月1日,645,645,645,645,-,-3.44%
2019年2月4日,634,634,634,634,-,-1.71%
2019年2月5日,629,629,629,629,-,-0.79%
2019年2月6日,629,629,629,629,-,0.00%
2019年2月7日,610,610,610,610,-,-3.02%
2019年2月8日,601,601,601,601,-,-1.48%
2019年2月11日,595,595,595,595,-,-1.00%
2019年2月12日,598,598,598,598,-,0.50%
2019年2月13日,608,608,608,608,-,1.67%
2019年2月14日,628,628,628,628,-,3.29%
2019年2月15日,639,639,639,639,-,1.75%
2019年2月18日,643,643,643,643,-,0.63%
2019年2月19日,635,635,635,635,-,-1.24%
2019年2月20日,622,622,622,622,-,-2.05%
2019年2月21日,630,630,630,630,-,1.29%
2019年2月22日,634,634,634,634,-,0.63%
2019年2月25日,637,637,637,637,-,0.47%
2019年2月26日,649,649,649,649,-,1.88%
2019年2月27日,651,651,651,651,-,0.31%
2019年2月28日,658,658,658,658,-,1.08%
2019年3月1日,664,664,664,664,-,0.91%
2019年3月4日,669,669,669,669,-,0.75%
2019年3月5日,663,663,663,663,-,-0.90%
2019年3月6日,664,664,664,664,-,0.15%
2019年3月7日,657,657,657,657,-,-1.05%
2019年3月8日,649,649,649,649,-,-1.22%
2019年3月11日,645,645,645,645,-,-0.62%
2019年3月12日,647,647,647,647,-,0.31%
2019年3月13日,654,654,654,654,-,1.08%
2019年3月14日,677,677,677,677,-,3.52%
2019年3月15日,730,730,730,730,-,7.83%
2019年3月18日,721,721,721,721,-,-1.23%
2019年3月19日,712,712,712,712,-,-1.25%
2019年3月20日,709,709,709,709,-,-0.42%
2019年3月21日,695,695,695,695,-,-1.97%
2019年3月22日,690,690,690,690,-,-0.72%
2019年3月25日,689,689,689,689,-,-0.14%
2019年3月26日,683,683,683,683,-,-0.87%
2019年3月27日,690,690,690,690,-,1.02%
2019年3月28日,692,692,692,692,-,0.29%
2019年3月29日,689,689,689,689,-,-0.43%
2019年4月1日,685,685,685,685,-,-0.58%
2019年4月2日,674,674,674,674,-,-1.61%
2019年4月3日,672,672,672,672,-,-0.30%
2019年4月4日,699,699,699,699,-,4.02%
2019年4月5日,711,711,711,711,-,1.72%
2019年4月8日,714,714,714,714,-,0.42%
2019年4月9日,725,725,725,725,-,1.54%
2019年4月10日,734,734,734,734,-,1.24%
2019年4月11日,728,728,728,728,-,-0.82%
2019年4月12日,726,726,726,726,-,-0.27%
2019年4月15日,738,738,738,738,-,1.65%
2019年4月16日,749,749,749,749,-,1.49%
2019年4月17日,767,767,767,767,-,2.40%
2019年4月18日,790,790,790,790,-,3.00%
2019年4月23日,821,821,821,821,-,3.92%
2019年4月24日,850,850,850,850,-,3.53%
2019年4月25日,869,869,869,869,-,2.24%
2019年4月26日,889,889,889,889,-,2.30%
2019年4月29日,913,913,913,913,-,2.70%
2019年4月30日,"1,011.00","1,011.00","1,011.00","1,011.00",-,10.73%
2019年5月1日,"1,031.00","1,031.00","1,031.00","1,031.00",-,1.98%
2019年5月2日,"1,032.00","1,032.00","1,032.00","1,032.00",-,0.10%
2019年5月3日,985,985,985,985,-,-4.55%
2019年5月7日,936,936,936,936,-,-4.97%
2019年5月8日,940,940,940,940,-,0.43%
2019年5月9日,974,974,974,974,-,3.62%
2019年5月10日,"1,013.00","1,013.00","1,013.00","1,013.00",-,4.00%
2019年5月13日,"1,026.00","1,026.00","1,026.00","1,026.00",-,1.28%
2019年5月14日,"1,043.00","1,043.00","1,043.00","1,043.00",-,1.66%
2019年5月15日,"1,032.00","1,032.00","1,032.00","1,032.00",-,-1.05%
2019年5月16日,"1,032.00","1,032.00","1,032.00","1,032.00",-,0.00%
2019年5月17日,"1,040.00","1,040.00","1,040.00","1,040.00",-,0.78%
2019年5月20日,"1,041.00","1,041.00","1,041.00","1,041.00",-,0.10%
2019年5月21日,"1,049.00","1,049.00","1,049.00","1,049.00",-,0.77%
2019年5月22日,"1,059.00","1,059.00","1,059.00","1,059.00",-,0.95%
2019年5月23日,"1,068.00","1,068.00","1,068.00","1,068.00",-,0.85%
2019年5月24日,"1,066.00","1,066.00","1,066.00","1,066.00",-,-0.19%
2019年5月28日,"1,082.00","1,082.00","1,082.00","1,082.00",-,1.50%
2019年5月29日,"1,107.00","1,107.00","1,107.00","1,107.00",-,2.31%
2019年5月30日,"1,097.00","1,097.00","1,097.00","1,097.00",-,-0.90%
2019年5月31日,"1,096.00","1,096.00","1,096.00","1,096.00",-,-0.09%
2019年6月3日,"1,103.00","1,103.00","1,103.00","1,103.00",-,0.64%
2019年6月4日,"1,122.00","1,122.00","1,122.00","1,122.00",-,1.72%
2019年6月5日,"1,141.00","1,141.00","1,141.00","1,141.00",-,1.69%
2019年6月6日,"1,138.00","1,138.00","1,138.00","1,138.00",-,-0.26%
2019年6月7日,"1,138.00","1,138.00","1,138.00","1,138.00",-,0.00%
2019年6月10日,"1,125.00","1,125.00","1,125.00","1,125.00",-,-1.14%
2019年6月11日,"1,105.00","1,105.00","1,105.00","1,105.00",-,-1.78%
2019年6月12日,"1,080.00","1,080.00","1,080.00","1,080.00",-,-2.26%
2019年6月13日,"1,062.00","1,062.00","1,062.00","1,062.00",-,-1.67%
2019年6月14日,"1,085.00","1,085.00","1,085.00","1,085.00",-,2.17%
2019年6月17日,"1,093.00","1,093.00","1,093.00","1,093.00",-,0.74%
2019年6月18日,"1,135.00","1,135.00","1,135.00","1,135.00",-,3.84%
2019年6月19日,"1,179.00","1,179.00","1,179.00","1,179.00",-,3.88%
2019年6月20日,"1,194.00","1,194.00","1,194.00","1,194.00",-,1.27%
2019年6月21日,"1,239.00","1,239.00","1,239.00","1,239.00",-,3.77%
2019年6月24日,"1,258.00","1,258.00","1,258.00","1,258.00",-,1.53%
2019年6月25日,"1,280.00","1,280.00","1,280.00","1,280.00",-,1.75%
2019年6月26日,"1,317.00","1,317.00","1,317.00","1,317.00",-,2.89%
2019年6月27日,"1,340.00","1,340.00","1,340.00","1,340.00",-,1.75%
2019年6月28日,"1,354.00","1,354.00","1,354.00","1,354.00",-,1.04%
2019年7月1日,"1,381.00","1,381.00","1,381.00","1,381.00",-,1.99%
2019年7月2日,"1,446.00","1,446.00","1,446.00","1,446.00",-,4.71%
2019年7月3日,"1,549.00","1,549.00","1,549.00","1,549.00",-,7.12%
2019年7月4日,"1,700.00","1,700.00","1,700.00","1,700.00",-,9.75%
2019年7月5日,"1,740.00","1,740.00","1,740.00","1,740.00",-,2.35%
2019年7月8日,"1,725.00","1,725.00","1,725.00","1,725.00",-,-0.86%
2019年7月9日,"1,759.00","1,759.00","1,759.00","1,759.00",-,1.97%
2019年7月10日,"1,777.00","1,777.00","1,777.00","1,777.00",-,1.02%
2019年7月11日,"1,816.00","1,816.00","1,816.00","1,816.00",-,2.19%
2019年7月12日,"1,865.00","1,865.00","1,865.00","1,865.00",-,2.70%
2019年7月15日,"1,928.00","1,928.00","1,928.00","1,928.00",-,3.38%
2019年7月16日,"2,011.00","2,011.00","2,011.00","2,011.00",-,4.30%
2019年7月17日,"2,064.00","2,064.00","2,064.00","2,064.00",-,2.64%
2019年7月18日,"2,130.00","2,130.00","2,130.00","2,130.00",-,3.20%
2019年7月19日,"2,170.00","2,170.00","2,170.00","2,170.00",-,1.88%
2019年7月22日,"2,191.00","2,191.00","2,191.00","2,191.00",-,0.97%
2019年7月23日,"2,165.00","2,165.00","2,165.00","2,165.00",-,-1.19%
2019年7月24日,"2,014.00","2,014.00","2,014.00","2,014.00",-,-6.97%
2019年7月25日,"1,947.00","1,947.00","1,947.00","1,947.00",-,-3.33%
2019年7月26日,"1,937.00","1,937.00","1,937.00","1,937.00",-,-0.51%
2019年7月29日,"1,922.00","1,922.00","1,922.00","1,922.00",-,-0.77%
2019年7月30日,"1,899.00","1,899.00","1,899.00","1,899.00",-,-1.20%
2019年7月31日,"1,868.00","1,868.00","1,868.00","1,868.00",-,-1.63%
2019年8月1日,"1,812.00","1,812.00","1,812.00","1,812.00",-,-3.00%
2019年8月2日,"1,788.00","1,788.00","1,788.00","1,788.00",-,-1.32%
2019年8月5日,"1,774.00","1,774.00","1,774.00","1,774.00",-,-0.78%
2019年8月6日,"1,734.00","1,734.00","1,734.00","1,734.00",-,-2.25%
2019年8月7日,"1,712.00","1,712.00","1,712.00","1,712.00",-,-1.27%
2019年8月8日,"1,720.00","1,720.00","1,720.00","1,720.00",-,0.47%
2019年8月9日,"1,748.00","1,748.00","1,748.00","1,748.00",-,1.63%
2019年8月12日,"1,774.00","1,774.00","1,774.00","1,774.00",-,1.49%
2019年8月13日,"1,864.00","1,864.00","1,864.00","1,864.00",-,5.07%
2019年8月14日,"1,950.00","1,950.00","1,950.00","1,950.00",-,4.61%
2019年8月15日,"2,047.00","2,047.00","2,047.00","2,047.00",-,4.97%
2019年8月16日,"2,088.00","2,088.00","2,088.00","2,088.00",-,2.00%
2019年8月19日,"2,067.00","2,067.00","2,067.00","2,067.00",-,-1.01%
2019年8月20日,"2,059.00","2,059.00","2,059.00","2,059.00",-,-0.39%
2019年8月21日,"2,061.00","2,061.00","2,061.00","2,061.00",-,0.10%
2019年8月22日,"2,118.00","2,118.00","2,118.00","2,118.00",-,2.77%
2019年8月23日,"2,168.00","2,168.00","2,168.00","2,168.00",-,2.36%
2019年8月27日,"2,213.00","2,213.00","2,213.00","2,213.00",-,2.08%
2019年8月28日,"2,267.00","2,267.00","2,267.00","2,267.00",-,2.44%
2019年8月29日,"2,277.00","2,277.00","2,277.00","2,277.00",-,0.44%
2019年8月30日,"2,378.00","2,378.00","2,378.00","2,378.00",-,4.44%
2019年9月2日,"2,442.00","2,442.00","2,442.00","2,442.00",-,2.69%
2019年9月3日,"2,501.00","2,501.00","2,501.00","2,501.00",-,2.42%
2019年9月4日,"2,518.00","2,518.00","2,518.00","2,518.00",-,0.68%
2019年9月5日,"2,499.00","2,499.00","2,499.00","2,499.00",-,-0.75%
2019年9月6日,"2,462.00","2,462.00","2,462.00","2,462.00",-,-1.48%
2019年9月9日,"2,422.00","2,422.00","2,422.00","2,422.00",-,-1.62%
2019年9月10日,"2,393.00","2,393.00","2,393.00","2,393.00",-,-1.20%
2019年9月11日,"2,366.00","2,366.00","2,366.00","2,366.00",-,-1.13%
2019年9月12日,"2,331.00","2,331.00","2,331.00","2,331.00",-,-1.48%
2019年9月13日,"2,312.00","2,312.00","2,312.00","2,312.00",-,-0.82%
2019年9月16日,"2,311.00","2,311.00","2,311.00","2,311.00",-,-0.04%
2019年9月17日,"2,283.00","2,283.00","2,283.00","2,283.00",-,-1.21%
2019年9月18日,"2,266.00","2,266.00","2,266.00","2,266.00",-,-0.74%
2019年9月19日,"2,192.00","2,192.00","2,192.00","2,192.00",-,-3.27%
2019年9月20日,"2,131.00","2,131.00","2,131.00","2,131.00",-,-2.78%
2019年9月23日,"2,108.00","2,108.00","2,108.00","2,108.00",-,-1.08%
2019年9月24日,"2,116.00","2,116.00","2,116.00","2,116.00",-,0.38%
2019年9月25日,"2,053.00","2,053.00","2,053.00","2,053.00",-,-2.98%
2019年9月26日,"1,963.00","1,963.00","1,963.00","1,963.00",-,-4.38%
2019年9月27日,"1,857.00","1,857.00","1,857.00","1,857.00",-,-5.40%
2019年9月30日,"1,823.00","1,823.00","1,823.00","1,823.00",-,-1.83%
2019年10月1日,"1,809.00","1,809.00","1,809.00","1,809.00",-,-0.77%
2019年10月2日,"1,803.00","1,803.00","1,803.00","1,803.00",-,-0.33%
2019年10月3日,"1,757.00","1,757.00","1,757.00","1,757.00",-,-2.55%
2019年10月4日,"1,767.00","1,767.00","1,767.00","1,767.00",-,0.57%
2019年10月7日,"1,770.00","1,770.00","1,770.00","1,770.00",-,0.17%
2019年10月8日,"1,801.00","1,801.00","1,801.00","1,801.00",-,1.75%
2019年10月9日,"1,873.00","1,873.00","1,873.00","1,873.00",-,4.00%
2019年10月10日,"1,929.00","1,929.00","1,929.00","1,929.00",-,2.99%
2019年10月11日,"1,924.00","1,924.00","1,924.00","1,924.00",-,-0.26%
2019年10月14日,"1,916.00","1,916.00","1,916.00","1,916.00",-,-0.42%
2019年10月15日,"1,898.00","1,898.00","1,898.00","1,898.00",-,-0.94%
2019年10月16日,"1,897.00","1,897.00","1,897.00","1,897.00",-,-0.05%
2019年10月17日,"1,861.00","1,861.00","1,861.00","1,861.00",-,-1.90%
2019年10月18日,"1,855.00","1,855.00","1,855.00","1,855.00",-,-0.32%
2019年10月21日,"1,846.00","1,846.00","1,846.00","1,846.00",-,-0.49%
2019年10月22日,"1,806.00","1,806.00","1,806.00","1,806.00",-,-2.17%
2019年10月23日,"1,779.00","1,779.00","1,779.00","1,779.00",-,-1.50%
2019年10月24日,"1,785.00","1,785.00","1,785.00","1,785.00",-,0.34%
2019年10月25日,"1,801.00","1,801.00","1,801.00","1,801.00",-,0.90%
2019年10月28日,"1,803.00","1,803.00","1,803.00","1,803.00",-,0.11%
2019年10月29日,"1,802.00","1,802.00","1,802.00","1,802.00",-,-0.06%
2019年10月30日,"1,782.00","1,782.00","1,782.00","1,782.00",-,-1.11%
2019年10月31日,"1,731.00","1,731.00","1,731.00","1,731.00",-,-2.86%
2019年11月1日,"1,697.00","1,697.00","1,697.00","1,697.00",-,-1.96%
2019年11月4日,"1,675.00","1,675.00","1,675.00","1,675.00",-,-1.30%
2019年11月5日,"1,656.00","1,656.00","1,656.00","1,656.00",-,-1.13%
2019年11月6日,"1,533.00","1,533.00","1,533.00","1,533.00",-,-7.43%
2019年11月7日,"1,428.00","1,428.00","1,428.00","1,428.00",-,-6.85%
2019年11月8日,"1,378.00","1,378.00","1,378.00","1,378.00",-,-3.50%
2019年11月11日,"1,345.00","1,345.00","1,345.00","1,345.00",-,-2.39%
2019年11月12日,"1,354.00","1,354.00","1,354.00","1,354.00",-,0.67%
2019年11月13日,"1,365.00","1,365.00","1,365.00","1,365.00",-,0.81%
2019年11月14日,"1,364.00","1,364.00","1,364.00","1,364.00",-,-0.07%
2019年11月15日,"1,357.00","1,357.00","1,357.00","1,357.00",-,-0.51%
2019年11月18日,"1,338.00","1,338.00","1,338.00","1,338.00",-,-1.40%
2019年11月19日,"1,304.00","1,304.00","1,304.00","1,304.00",-,-2.54%
2019年11月20日,"1,260.00","1,260.00","1,260.00","1,260.00",-,-3.37%
2019年11月21日,"1,255.00","1,255.00","1,255.00","1,255.00",-,-0.40%
2019年11月22日,"1,284.00","1,284.00","1,284.00","1,284.00",-,2.31%
2019年11月25日,"1,351.00","1,351.00","1,351.00","1,351.00",-,5.22%
2019年11月26日,"1,426.00","1,426.00","1,426.00","1,426.00",-,5.55%
2019年11月27日,"1,440.00","1,440.00","1,440.00","1,440.00",-,0.98%
2019年11月28日,"1,467.00","1,467.00","1,467.00","1,467.00",-,1.88%
2019年11月29日,"1,528.00","1,528.00","1,528.00","1,528.00",-,4.16%
2019年12月2日,"1,568.00","1,568.00","1,568.00","1,568.00",-,2.62%
2019年12月3日,"1,606.00","1,606.00","1,606.00","1,606.00",-,2.42%
2019年12月4日,"1,599.00","1,599.00","1,599.00","1,599.00",-,-0.44%
2019年12月5日,"1,575.00","1,575.00","1,575.00","1,575.00",-,-1.50%
2019年12月6日,"1,558.00","1,558.00","1,558.00","1,558.00",-,-1.08%
2019年12月9日,"1,551.00","1,551.00","1,551.00","1,551.00",-,-0.45%
2019年12月10日,"1,528.00","1,528.00","1,528.00","1,528.00",-,-1.48%
2019年12月11日,"1,460.00","1,460.00","1,460.00","1,460.00",-,-4.45%
2019年12月12日,"1,388.00","1,388.00","1,388.00","1,388.00",-,-4.93%
2019年12月13日,"1,355.00","1,355.00","1,355.00","1,355.00",-,-2.38%
2019年12月16日,"1,315.00","1,315.00","1,315.00","1,315.00",-,-2.95%
2019年12月17日,"1,281.00","1,281.00","1,281.00","1,281.00",-,-2.59%
2019年12月18日,"1,221.00","1,221.00","1,221.00","1,221.00",-,-4.68%
2019年12月19日,"1,151.00","1,151.00","1,151.00","1,151.00",-,-5.73%
2019年12月20日,"1,123.00","1,123.00","1,123.00","1,123.00",-,-2.43%
2019年12月23日,"1,103.00","1,103.00","1,103.00","1,103.00",-,-1.78%
2019年12月24日,"1,090.00","1,090.00","1,090.00","1,090.00",-,-1.18%
2020年1月2日,976,976,976,976,-,-10.46%
2020年1月3日,907,907,907,907,-,-7.07%
2020年1月6日,844,844,844,844,-,-6.95%
2020年1月7日,791,791,791,791,-,-6.28%
2020年1月8日,773,773,773,773,-,-2.28%
2020年1月9日,772,772,772,772,-,-0.13%
2020年1月10日,774,774,774,774,-,0.26%
2020年1月13日,765,765,765,765,-,-1.16%
2020年1月14日,763,763,763,763,-,-0.26%
2020年1月15日,768,768,768,768,-,0.66%
2020年1月16日,768,768,768,768,-,0.00%
2020年1月17日,754,754,754,754,-,-1.82%
2020年1月20日,729,729,729,729,-,-3.32%
2020年1月21日,689,689,689,689,-,-5.49%
2020年1月22日,623,623,623,623,-,-9.58%
2020年1月23日,576,576,576,576,-,-7.54%
2020年1月24日,557,557,557,557,-,-3.30%
2020年1月27日,546,546,546,546,-,-1.97%
2020年1月28日,539,539,539,539,-,-1.28%
2020年1月29日,525,525,525,525,-,-2.60%
2020年1月30日,498,498,498,498,-,-5.14%
2020年1月31日,487,487,487,487,-,-2.21%
2020年2月3日,466,466,466,466,-,-4.31%
2020年2月4日,453,453,453,453,-,-2.79%
2020年2月5日,430,430,430,430,-,-5.08%
2020年2月6日,431,431,431,431,-,0.23%
2020年2月7日,415,415,415,415,-,-3.71%
2020年2月10日,411,411,411,411,-,-0.96%
2020年2月11日,418,418,418,418,-,1.70%
2020年2月12日,421,421,421,421,-,0.72%
2020年2月13日,421,421,421,421,-,0.00%
2020年2月14日,425,425,425,425,-,0.95%
2020年2月17日,434,434,434,434,-,2.12%
2020年2月18日,450,450,450,450,-,3.69%
2020年2月19日,465,465,465,465,-,3.33%
2020年2月20日,480,480,480,480,-,3.23%
2020年2月21日,497,497,497,497,-,3.54%
2020年2月24日,506,506,506,506,-,1.81%
2020年2月25日,508,508,508,508,-,0.40%
2020年2月26日,517,517,517,517,-,1.77%
2020年2月27日,529,529,529,529,-,2.32%
2020年2月28日,535,535,535,535,-,1.13%
2020年3月2日,539,539,539,539,-,0.75%
2020年3月3日,549,549,549,549,-,1.86%
2020年3月4日,562,562,562,562,-,2.37%
2020年3月5日,599,599,599,599,-,6.58%
2020年3月6日,617,617,617,617,-,3.01%
2020年3月9日,616,616,616,616,-,-0.16%
2020年3月10日,627,627,627,627,-,1.79%
2020年3月11日,631,631,631,631,-,0.64%
2020年3月12日,633,633,633,633,-,0.32%
2020年3月13日,631,631,631,631,-,-0.32%
2020年3月16日,623,623,623,623,-,-1.27%
2020年3月17日,612,612,612,612,-,-1.77%
2020年3月18日,629,629,629,629,-,2.78%
2020年3月19日,630,630,630,630,-,0.16%
2020年3月20日,625,625,625,625,-,-0.79%
2020年3月23日,617,617,617,617,-,-1.28%
2020年3月24日,603,603,603,603,-,-2.27%
2020年3月25日,582,582,582,582,-,-3.48%
2020年3月26日,569,569,569,569,-,-2.23%
2020年3月27日,556,556,556,556,-,-2.28%
2020年3月30日,548,548,548,548,-,-1.44%
2020年3月31日,626,626,626,626,-,14.23%
2020年4月1日,624,624,624,624,-,-0.32%
2020年4月2日,624,624,624,624,-,0.00%
2020年4月3日,616,616,616,616,-,-1.28%
2020年4月6日,604,604,604,604,-,-1.95%
2020年4月7日,596,596,596,596,-,-1.32%
2020年4月8日,607,607,607,607,-,1.85%
2020年4月9日,635,635,635,635,-,4.61%
2020年4月14日,679,679,679,679,-,6.93%
2020年4月15日,706,706,706,706,-,3.98%
2020年4月16日,726,726,726,726,-,2.83%
2020年4月17日,751,751,751,751,-,3.44%
2020年4月20日,757,757,757,757,-,0.80%
2020年4月21日,728,728,728,728,-,-3.83%
2020年4月22日,694,694,694,694,-,-4.67%
2020年4月23日,672,672,672,672,-,-3.17%
2020年4月24日,665,665,665,665,-,-1.04%
2020年4月27日,661,661,661,661,-,-0.60%
2020年4月28日,655,655,655,655,-,-0.91%
2020年4月29日,643,643,643,643,-,-1.83%
2020年4月30日,635,635,635,635,-,-1.24%
2020年5月1日,617,617,617,617,-,-2.83%
2020年5月4日,598,598,598,598,-,-3.08%
2020年5月5日,575,575,575,575,-,-3.85%
2020年5月6日,534,534,534,534,-,-7.13%
2020年5月7日,514,514,514,514,-,-3.75%
2020年5月11日,474,474,474,474,-,-7.78%
2020年5月12日,433,433,433,433,-,-8.65%
2020年5月13日,398,398,398,398,-,-8.08%
2020年5月14日,393,393,393,393,-,-1.26%
2020年5月15日,407,407,407,407,-,3.56%
2020年5月18日,427,427,427,427,-,4.91%
2020年5月19日,453,453,453,453,-,6.09%
2020年5月20日,477,477,477,477,-,5.30%
2020年5月21日,494,494,494,494,-,3.56%
2020年5月22日,498,498,498,498,-,0.81%
2020年5月26日,506,506,506,506,-,1.61%
2020年5月27日,502,502,502,502,-,-0.79%
2020年5月28日,489,489,489,489,-,-2.59%
2020年5月29日,504,504,504,504,-,3.07%
2020年6月1日,520,520,520,520,-,3.17%
2020年6月2日,546,546,546,546,-,5.00%
2020年6月3日,592,592,592,592,-,8.42%
2020年6月4日,632,632,632,632,-,6.76%
2020年6月5日,679,679,679,679,-,7.44%
2020年6月8日,698,698,698,698,-,2.80%
2020年6月9日,714,714,714,714,-,2.29%
2020年6月10日,764,764,764,764,-,7.00%
2020年6月11日,839,839,839,839,-,9.82%
2020年6月12日,923,923,923,923,-,10.01%
2020年6月15日,973,973,973,973,-,5.42%
2020年6月16日,"1,054.00","1,054.00","1,054.00","1,054.00",-,8.32%
2020年6月17日,"1,246.00","1,246.00","1,246.00","1,246.00",-,18.22%
2020年6月18日,"1,527.00","1,527.00","1,527.00","1,527.00",-,22.55%
2020年6月19日,"1,555.00","1,555.00","1,555.00","1,555.00",-,1.83%
2020年6月22日,"1,558.00","1,558.00","1,558.00","1,558.00",-,0.19%
2020年6月23日,"1,617.00","1,617.00","1,617.00","1,617.00",-,3.79%
2020年6月24日,"1,705.00","1,705.00","1,705.00","1,705.00",-,5.44%
2020年6月25日,"1,738.00","1,738.00","1,738.00","1,738.00",-,1.94%
2020年6月26日,"1,749.00","1,749.00","1,749.00","1,749.00",-,0.63%
2020年6月29日,"1,794.00","1,794.00","1,794.00","1,794.00",-,2.57%
2020年6月30日,"1,799.00","1,799.00","1,799.00","1,799.00",-,0.28%
2020年7月1日,"1,803.00","1,803.00","1,803.00","1,803.00",-,0.22%
2020年7月2日,"1,823.00","1,823.00","1,823.00","1,823.00",-,1.11%
2020年7月3日,"1,894.00","1,894.00","1,894.00","1,894.00",-,3.89%
2020年7月6日,"1,956.00","1,956.00","1,956.00","1,956.00",-,3.27%
2020年7月7日,"1,949.00","1,949.00","1,949.00","1,949.00",-,-0.36%
2020年7月8日,"1,849.00","1,849.00","1,849.00","1,849.00",-,-5.13%
2020年7月9日,"1,810.00","1,810.00","1,810.00","1,810.00",-,-2.11%
2020年7月10日,"1,810.00","1,810.00","1,810.00","1,810.00",-,0.00%
2020年7月13日,"1,792.00","1,792.00","1,792.00","1,792.00",-,-0.99%
2020年7月14日,"1,742.00","1,742.00","1,742.00","1,742.00",-,-2.79%
2020年7月15日,"1,696.00","1,696.00","1,696.00","1,696.00",-,-2.64%
2020年7月16日,"1,699.00","1,699.00","1,699.00","1,699.00",-,0.18%
2020年7月17日,"1,710.00","1,710.00","1,710.00","1,710.00",-,0.65%
2020年7月20日,"1,678.00","1,678.00","1,678.00","1,678.00",-,-1.87%
2020年7月21日,"1,594.00","1,594.00","1,594.00","1,594.00",-,-5.01%
2020年7月22日,"1,473.00","1,473.00","1,473.00","1,473.00",-,-7.59%
2020年7月23日,"1,388.00","1,388.00","1,388.00","1,388.00",-,-5.77%
2020年7月24日,"1,317.00","1,317.00","1,317.00","1,317.00",-,-5.12%
2020年7月27日,"1,293.00","1,293.00","1,293.00","1,293.00",-,-1.82%
2020年7月28日,"1,264.00","1,264.00","1,264.00","1,264.00",-,-2.24%
2020年7月29日,"1,317.00","1,317.00","1,317.00","1,317.00",-,4.19%
2020年7月30日,"1,348.00","1,348.00","1,348.00","1,348.00",-,2.35%
2020年7月31日,"1,350.00","1,350.00","1,350.00","1,350.00",-,0.15%
2020年8月3日,"1,385.00","1,385.00","1,385.00","1,385.00",-,2.59%
2020年8月4日,"1,463.00","1,463.00","1,463.00","1,463.00",-,5.63%
2020年8月5日,"1,475.00","1,475.00","1,475.00","1,475.00",-,0.82%
2020年8月6日,"1,500.00","1,500.00","1,500.00","1,500.00",-,1.69%
2020年8月7日,"1,501.00","1,501.00","1,501.00","1,501.00",-,0.07%
2020年8月10日,"1,506.00","1,506.00","1,506.00","1,506.00",-,0.33%
2020年8月11日,"1,510.00","1,510.00","1,510.00","1,510.00",-,0.27%
2020年8月12日,"1,540.00","1,540.00","1,540.00","1,540.00",-,1.99%
2020年8月13日,"1,577.00","1,577.00","1,577.00","1,577.00",-,2.40%
2020年8月14日,"1,595.00","1,595.00","1,595.00","1,595.00",-,1.14%
2020年8月17日,"1,598.00","1,598.00","1,598.00","1,598.00",-,0.19%
2020年8月18日,"1,586.00","1,586.00","1,586.00","1,586.00",-,-0.75%
2020年8月19日,"1,568.00","1,568.00","1,568.00","1,568.00",-,-1.13%
2020年8月20日,"1,518.00","1,518.00","1,518.00","1,518.00",-,-3.19%
2020年8月21日,"1,481.00","1,481.00","1,481.00","1,481.00",-,-2.44%
2020年8月24日,"1,491.00","1,491.00","1,491.00","1,491.00",-,0.68%
2020年8月25日,"1,518.00","1,518.00","1,518.00","1,518.00",-,1.81%
2020年8月26日,"1,509.00","1,509.00","1,509.00","1,509.00",-,-0.59%
2020年8月27日,"1,504.00","1,504.00","1,504.00","1,504.00",-,-0.33%
2020年8月28日,"1,488.00","1,488.00","1,488.00","1,488.00",-,-1.06%
2020年9月1日,"1,471.00","1,471.00","1,471.00","1,471.00",-,-1.14%
2020年9月2日,"1,445.00","1,445.00","1,445.00","1,445.00",-,-1.77%
2020年9月3日,"1,395.00","1,395.00","1,395.00","1,395.00",-,-3.46%
2020年9月4日,"1,362.00","1,362.00","1,362.00","1,362.00",-,-2.37%
2020年9月7日,"1,349.00","1,349.00","1,349.00","1,349.00",-,-0.95%
2020年9月8日,"1,328.00","1,328.00","1,328.00","1,328.00",-,-1.56%
2020年9月9日,"1,296.00","1,296.00","1,296.00","1,296.00",-,-2.41%
2020年9月10日,"1,269.00","1,269.00","1,269.00","1,269.00",-,-2.08%
2020年9月11日,"1,267.00","1,267.00","1,267.00","1,267.00",-,-0.16%
2020年9月14日,"1,282.00","1,282.00","1,282.00","1,282.00",-,1.18%
2020年9月15日,"1,289.00","1,289.00","1,289.00","1,289.00",-,0.55%
2020年9月16日,"1,281.00","1,281.00","1,281.00","1,281.00",-,-0.62%
2020年9月17日,"1,294.00","1,294.00","1,294.00","1,294.00",-,1.01%
2020年9月18日,"1,296.00","1,296.00","1,296.00","1,296.00",-,0.15%
2020年9月21日,"1,314.00","1,314.00","1,314.00","1,314.00",-,1.39%
2020年9月22日,"1,364.00","1,364.00","1,364.00","1,364.00",-,3.81%
2020年9月23日,"1,426.00","1,426.00","1,426.00","1,426.00",-,4.55%
2020年9月24日,"1,605.00","1,605.00","1,605.00","1,605.00",-,12.55%
2020年9月25日,"1,667.00","1,667.00","1,667.00","1,667.00",-,3.86%
2020年9月28日,"1,654.00","1,654.00","1,654.00","1,654.00",-,-0.78%
2020年9月29日,"1,658.00","1,658.00","1,658.00","1,658.00",-,0.24%
2020年9月30日,"1,725.00","1,725.00","1,725.00","1,725.00",-,4.04%
2020年10月1日,"1,869.00","1,869.00","1,869.00","1,869.00",-,8.35%
2020年10月2日,"2,020.00","2,020.00","2,020.00","2,020.00",-,8.08%
2020年10月5日,"2,071.00","2,071.00","2,071.00","2,071.00",-,2.52%
2020年10月6日,"2,097.00","2,097.00","2,097.00","2,097.00",-,1.26%
2020年10月7日,"2,044.00","2,044.00","2,044.00","2,044.00",-,-2.53%
2020年10月8日,"1,970.00","1,970.00","1,970.00","1,970.00",-,-3.62%
2020年10月9日,"1,892.00","1,892.00","1,892.00","1,892.00",-,-3.96%
2020年10月12日,"1,807.00","1,807.00","1,807.00","1,807.00",-,-4.49%
2020年10月13日,"1,732.00","1,732.00","1,732.00","1,732.00",-,-4.15%
2020年10月14日,"1,637.00","1,637.00","1,637.00","1,637.00",-,-5.48%
2020年10月15日,"1,561.00","1,561.00","1,561.00","1,561.00",-,-4.64%
2020年10月16日,"1,477.00","1,477.00","1,477.00","1,477.00",-,-5.38%
2020年10月19日,"1,409.00","1,409.00","1,409.00","1,409.00",-,-4.60%
2020年10月20日,"1,350.00","1,350.00","1,350.00","1,350.00",-,-4.19%
2020年10月21日,"1,346.00","1,346.00","1,346.00","1,346.00",-,-0.30%
2020年10月22日,"1,401.00","1,401.00","1,401.00","1,401.00",-,4.09%
2020年10月23日,"1,415.00","1,415.00","1,415.00","1,415.00",-,1.00%
2020年10月26日,"1,402.00","1,402.00","1,402.00","1,402.00",-,-0.92%
2020年10月27日,"1,413.00","1,413.00","1,413.00","1,413.00",-,0.78%
2020年10月28日,"1,384.00","1,384.00","1,384.00","1,384.00",-,-2.05%
2020年10月29日,"1,297.00","1,297.00","1,297.00","1,297.00",-,-6.29%
2020年10月30日,"1,283.00","1,283.00","1,283.00","1,283.00",-,-1.08%
2020年11月2日,"1,284.00","1,284.00","1,284.00","1,284.00",-,0.08%
2020年11月3日,"1,263.00","1,263.00","1,263.00","1,263.00",-,-1.64%
2020年11月4日,"1,224.00","1,224.00","1,224.00","1,224.00",-,-3.09%
2020年11月5日,"1,194.00","1,194.00","1,194.00","1,194.00",-,-2.45%
2020年11月6日,"1,196.00","1,196.00","1,196.00","1,196.00",-,0.17%
2020年11月9日,"1,207.00","1,207.00","1,207.00","1,207.00",-,0.92%
2020年11月10日,"1,200.00","1,200.00","1,200.00","1,200.00",-,-0.58%
2020年11月11日,"1,141.00","1,141.00","1,141.00","1,141.00",-,-4.92%
2020年11月12日,"1,124.00","1,124.00","1,124.00","1,124.00",-,-1.49%
2020年11月13日,"1,115.00","1,115.00","1,115.00","1,115.00",-,-0.80%
2020年11月16日,"1,111.00","1,111.00","1,111.00","1,111.00",-,-0.36%
2020年11月17日,"1,112.00","1,112.00","1,112.00","1,112.00",-,0.09%
2020年11月18日,"1,115.00","1,115.00","1,115.00","1,115.00",-,0.27%
2020年11月19日,"1,134.00","1,134.00","1,134.00","1,134.00",-,1.70%
2020年11月20日,"1,148.00","1,148.00","1,148.00","1,148.00",-,1.23%
2020年11月23日,"1,169.00","1,169.00","1,169.00","1,169.00",-,1.83%
2020年11月24日,"1,178.00","1,178.00","1,178.00","1,178.00",-,0.77%
2020年11月25日,"1,197.00","1,197.00","1,197.00","1,197.00",-,1.61%
2020年11月26日,"1,219.00","1,219.00","1,219.00","1,219.00",-,1.84%
2020年11月27日,"1,230.00","1,230.00","1,230.00","1,230.00",-,0.90%
2020年11月30日,"1,227.00","1,227.00","1,227.00","1,227.00",-,-0.24%
2020年12月1日,"1,211.00","1,211.00","1,211.00","1,211.00",-,-1.30%
2020年12月2日,"1,201.00","1,201.00","1,201.00","1,201.00",-,-0.83%
2020年12月3日,"1,189.00","1,189.00","1,189.00","1,189.00",-,-1.00%
2020年12月4日,"1,197.00","1,197.00","1,197.00","1,197.00",-,0.67%
2020年12月7日,"1,162.00","1,162.00","1,162.00","1,162.00",-,-2.92%
2020年12月8日,"1,121.00","1,121.00","1,121.00","1,121.00",-,-3.53%
2020年12月9日,"1,122.00","1,122.00","1,122.00","1,122.00",-,0.09%
2020年12月10日,"1,161.00","1,161.00","1,161.00","1,161.00",-,3.48%
2020年12月11日,"1,211.00","1,211.00","1,211.00","1,211.00",-,4.31%
2020年12月14日,"1,235.00","1,235.00","1,235.00","1,235.00",-,1.98%
2020年12月15日,"1,273.00","1,273.00","1,273.00","1,273.00",-,3.08%
2020年12月16日,"1,296.00","1,296.00","1,296.00","1,296.00",-,1.81%
2020年12月17日,"1,301.00","1,301.00","1,301.00","1,301.00",-,0.39%
2020年12月18日,"1,325.00","1,325.00","1,325.00","1,325.00",-,1.84%
2020年12月21日,"1,323.00","1,323.00","1,323.00","1,323.00",-,-0.15%
2020年12月22日,"1,330.00","1,330.00","1,330.00","1,330.00",-,0.53%
2020年12月23日,"1,362.00","1,362.00","1,362.00","1,362.00",-,2.41%
2020年12月24日,"1,366.00","1,366.00","1,366.00","1,366.00",-,0.29%
2021年1月4日,"1,374.00","1,374.00","1,374.00","1,374.00",-,0.59%
2021年1月5日,"1,418.00","1,418.00","1,418.00","1,418.00",-,3.20%
2021年1月6日,"1,425.00","1,425.00","1,425.00","1,425.00",-,0.49%
2021年1月7日,"1,448.00","1,448.00","1,448.00","1,448.00",-,1.61%
2021年1月8日,"1,606.00","1,606.00","1,606.00","1,606.00",-,10.91%
2021年1月11日,"1,761.00","1,761.00","1,761.00","1,761.00",-,9.65%
2021年1月12日,"1,849.00","1,849.00","1,849.00","1,849.00",-,5.00%
2021年1月13日,"1,856.00","1,856.00","1,856.00","1,856.00",-,0.38%
2021年1月14日,"1,792.00","1,792.00","1,792.00","1,792.00",-,-3.45%
2021年1月15日,"1,754.00","1,754.00","1,754.00","1,754.00",-,-2.12%
2021年1月18日,"1,740.00","1,740.00","1,740.00","1,740.00",-,-0.80%
2021年1月19日,"1,766.00","1,766.00","1,766.00","1,766.00",-,1.49%
2021年1月20日,"1,828.00","1,828.00","1,828.00","1,828.00",-,3.51%
2021年1月21日,"1,837.00","1,837.00","1,837.00","1,837.00",-,0.49%
2021年1月22日,"1,810.00","1,810.00","1,810.00","1,810.00",-,-1.47%
2021年1月25日,"1,765.00","1,765.00","1,765.00","1,765.00",-,-2.49%
2021年1月26日,"1,659.00","1,659.00","1,659.00","1,659.00",-,-6.01%
2021年1月27日,"1,540.00","1,540.00","1,540.00","1,540.00",-,-7.17%
2021年1月28日,"1,470.00","1,470.00","1,470.00","1,470.00",-,-4.55%
2021年1月29日,"1,452.00","1,452.00","1,452.00","1,452.00",-,-1.22%
2021年2月1日,"1,444.00","1,444.00","1,444.00","1,444.00",-,-0.55%
2021年2月2日,"1,380.00","1,380.00","1,380.00","1,380.00",-,-4.43%
2021年2月3日,"1,327.00","1,327.00","1,327.00","1,327.00",-,-3.84%
2021年2月4日,"1,327.00","1,327.00","1,327.00","1,327.00",-,0.00%
2021年2月5日,"1,333.00","1,333.00","1,333.00","1,333.00",-,0.45%
2021年2月8日,"1,317.00","1,317.00","1,317.00","1,317.00",-,-1.20%
2021年2月9日,"1,306.00","1,306.00","1,306.00","1,306.00",-,-0.84%
2021年2月10日,"1,303.00","1,303.00","1,303.00","1,303.00",-,-0.23%
2021年2月11日,"1,313.00","1,313.00","1,313.00","1,313.00",-,0.77%
2021年2月12日,"1,339.00","1,339.00","1,339.00","1,339.00",-,1.98%
2021年2月15日,"1,364.00","1,364.00","1,364.00","1,364.00",-,1.87%
2021年2月16日,"1,495.00","1,495.00","1,495.00","1,495.00",-,9.60%
2021年2月17日,"1,756.00","1,756.00","1,756.00","1,756.00",-,17.46%
2021年2月18日,"1,770.00","1,770.00","1,770.00","1,770.00",-,0.80%
2021年2月19日,"1,698.00","1,698.00","1,698.00","1,698.00",-,-4.07%
2021年2月22日,"1,709.00","1,709.00","1,709.00","1,709.00",-,0.65%
2021年2月23日,"1,727.00","1,727.00","1,727.00","1,727.00",-,1.05%
2021年2月24日,"1,709.00","1,709.00","1,709.00","1,709.00",-,-1.04%
2021年2月25日,"1,700.00","1,700.00","1,700.00","1,700.00",-,-0.53%
2021年2月26日,"1,675.00","1,675.00","1,675.00","1,675.00",-,-1.47%
2021年3月1日,"1,651.00","1,651.00","1,651.00","1,651.00",-,-1.43%
2021年3月2日,"1,673.00","1,673.00","1,673.00","1,673.00",-,1.33%
2021年3月3日,"1,763.00","1,763.00","1,763.00","1,763.00",-,5.38%
2021年3月4日,"1,779.00","1,779.00","1,779.00","1,779.00",-,0.91%
2021年3月5日,"1,829.00","1,829.00","1,829.00","1,829.00",-,2.81%
2021年3月8日,"1,853.00","1,853.00","1,853.00","1,853.00",-,1.31%
2021年3月9日,"1,901.00","1,901.00","1,901.00","1,901.00",-,2.59%
2021年3月10日,"1,980.00","1,980.00","1,980.00","1,980.00",-,4.16%
2021年3月11日,"1,970.00","1,970.00","1,970.00","1,970.00",-,-0.51%
2021年3月12日,"1,960.00","1,960.00","1,960.00","1,960.00",-,-0.51%
2021年3月15日,"1,983.00","1,983.00","1,983.00","1,983.00",-,1.17%
2021年3月16日,"2,017.00","2,017.00","2,017.00","2,017.00",-,1.71%
2021年3月17日,"2,105.00","2,105.00","2,105.00","2,105.00",-,4.36%
2021年3月18日,"2,215.00","2,215.00","2,215.00","2,215.00",-,5.23%
2021年3月19日,"2,281.00","2,281.00","2,281.00","2,281.00",-,2.98%
2021年3月22日,"2,319.00","2,319.00","2,319.00","2,319.00",-,1.67%
2021年3月23日,"2,271.00","2,271.00","2,271.00","2,271.00",-,-2.07%
2021年3月24日,"2,194.00","2,194.00","2,194.00","2,194.00",-,-3.39%
2021年3月25日,"2,172.00","2,172.00","2,172.00","2,172.00",-,-1.00%
2021年3月26日,"2,178.00","2,178.00","2,178.00","2,178.00",-,0.28%
2021年3月29日,"2,162.00","2,162.00","2,162.00","2,162.00",-,-0.73%
2021年3月30日,"2,103.00","2,103.00","2,103.00","2,103.00",-,-2.73%
2021年3月31日,"2,046.00","2,046.00","2,046.00","2,046.00",-,-2.71%
2021年4月1日,"2,072.00","2,072.00","2,072.00","2,072.00",-,1.27%
2021年4月6日,"2,092.00","2,092.00","2,092.00","2,092.00",-,0.97%
2021年4月7日,"2,127.00","2,127.00","2,127.00","2,127.00",-,1.67%
2021年4月8日,"2,088.00","2,088.00","2,088.00","2,088.00",-,-1.83%
2021年4月9日,"2,085.00","2,085.00","2,085.00","2,085.00",-,-0.14%
2021年4月12日,"2,145.00","2,145.00","2,145.00","2,145.00",-,2.88%
2021年4月13日,"2,140.00","2,140.00","2,140.00","2,140.00",-,-0.23%
2021年4月14日,"2,178.00","2,178.00","2,178.00","2,178.00",-,1.78%
2021年4月15日,"2,323.00","2,323.00","2,323.00","2,323.00",-,6.66%
2021年4月16日,"2,385.00","2,385.00","2,385.00","2,385.00",-,2.67%
2021年4月19日,"2,432.00","2,432.00","2,432.00","2,432.00",-,1.97%
2021年4月20日,"2,472.00","2,472.00","2,472.00","2,472.00",-,1.64%
2021年4月21日,"2,710.00","2,710.00","2,710.00","2,710.00",-,9.63%
2021年4月22日,"2,750.00","2,750.00","2,750.00","2,750.00",-,1.48%
2021年4月23日,"2,788.00","2,788.00","2,788.00","2,788.00",-,1.38%
2021年4月26日,"2,808.00","2,808.00","2,808.00","2,808.00",-,0.72%
2021年4月27日,"2,889.00","2,889.00","2,889.00","2,889.00",-,2.88%
2021年4月28日,"2,957.00","2,957.00","2,957.00","2,957.00",-,2.35%
2021年4月29日,"3,007.00","3,007.00","3,007.00","3,007.00",-,1.69%
2021年4月30日,"3,053.00","3,053.00","3,053.00","3,053.00",-,1.53%
2021年5月4日,"3,157.00","3,157.00","3,157.00","3,157.00",-,3.41%
2021年5月5日,"3,266.00","3,266.00","3,266.00","3,266.00",-,3.45%
2021年5月6日,"3,212.00","3,212.00","3,212.00","3,212.00",-,-1.65%
2021年5月7日,"3,183.00","3,183.00","3,183.00","3,183.00",-,-0.90%
2021年5月10日,"3,240.00","3,240.00","3,240.00","3,240.00",-,1.79%
2021年5月11日,"3,254.00","3,254.00","3,254.00","3,254.00",-,0.43%
2021年5月12日,"3,139.00","3,139.00","3,139.00","3,139.00",-,-3.53%
2021年5月13日,"3,077.00","3,077.00","3,077.00","3,077.00",-,-1.98%
2021年5月14日,"2,939.00","2,939.00","2,939.00","2,939.00",-,-4.48%
2021年5月17日,"2,856.00","2,856.00","2,856.00","2,856.00",-,-2.82%
2021年5月18日,"2,795.00","2,795.00","2,795.00","2,795.00",-,-2.14%
2021年5月19日,"2,801.00","2,801.00","2,801.00","2,801.00",-,0.21%
2021年5月20日,"2,824.00","2,824.00","2,824.00","2,824.00",-,0.82%
2021年5月21日,"2,869.00","2,869.00","2,869.00","2,869.00",-,1.59%
2021年5月24日,"2,881.00","2,881.00","2,881.00","2,881.00",-,0.42%
2021年5月25日,"2,809.00","2,809.00","2,809.00","2,809.00",-,-2.50%
2021年5月26日,"2,754.00","2,754.00","2,754.00","2,754.00",-,-1.96%
2021年5月27日,"2,688.00","2,688.00","2,688.00","2,688.00",-,-2.40%
2021年5月28日,"2,596.00","2,596.00","2,596.00","2,596.00",-,-3.42%
2021年6月1日,"2,568.00","2,568.00","2,568.00","2,568.00",-,-1.08%
2021年6月2日,"2,530.00","2,530.00","2,530.00","2,530.00",-,-1.48%
2021年6月3日,"2,472.00","2,472.00","2,472.00","2,472.00",-,-2.29%
2021年6月4日,"2,438.00","2,438.00","2,438.00","2,438.00",-,-1.38%
2021年6月7日,"2,428.00","2,428.00","2,428.00","2,428.00",-,-0.41%
2021年6月8日,"2,420.00","2,420.00","2,420.00","2,420.00",-,-0.33%
2021年6月9日,"2,481.00","2,481.00","2,481.00","2,481.00",-,2.52%
2021年6月10日,"2,669.00","2,669.00","2,669.00","2,669.00",-,7.58%
2021年6月11日,"2,857.00","2,857.00","2,857.00","2,857.00",-,7.04%
2021年6月14日,"2,944.00","2,944.00","2,944.00","2,944.00",-,3.05%
2021年6月15日,"3,025.00","3,025.00","3,025.00","3,025.00",-,2.75%
2021年6月16日,"3,176.00","3,176.00","3,176.00","3,176.00",-,4.99%
2021年6月17日,"3,267.00","3,267.00","3,267.00","3,267.00",-,2.87%
2021年6月18日,"3,218.00","3,218.00","3,218.00","3,218.00",-,-1.50%
2021年6月21日,"3,190.00","3,190.00","3,190.00","3,190.00",-,-0.87%
2021年6月22日,"3,119.00","3,119.00","3,119.00","3,119.00",-,-2.23%
2021年6月23日,"3,147.00","3,147.00","3,147.00","3,147.00",-,0.90%
2021年6月24日,"3,175.00","3,175.00","3,175.00","3,175.00",-,0.89%
2021年6月25日,"3,255.00","3,255.00","3,255.00","3,255.00",-,2.52%
2021年6月28日,"3,324.00","3,324.00","3,324.00","3,324.00",-,2.12%
2021年6月29日,"3,418.00","3,418.00","3,418.00","3,418.00",-,2.83%
2021年6月30日,"3,383.00","3,383.00","3,383.00","3,383.00",-,-1.02%
2021年7月1日,"3,338.00","3,338.00","3,338.00","3,338.00",-,-1.33%
2021年7月2日,"3,285.00","3,285.00","3,285.00","3,285.00",-,-1.59%
2021年7月5日,"3,224.00","3,224.00","3,224.00","3,224.00",-,-1.86%
2021年7月6日,"3,179.00","3,179.00","3,179.00","3,179.00",-,-1.40%
2021年7月7日,"3,241.00","3,241.00","3,241.00","3,241.00",-,1.95%
2021年7月8日,"3,281.00","3,281.00","3,281.00","3,281.00",-,1.23%
2021年7月9日,"3,300.00","3,300.00","3,300.00","3,300.00",-,0.58%
2021年7月12日,"3,300.00","3,300.00","3,300.00","3,300.00",-,0.00%
2021年7月13日,"3,228.00","3,228.00","3,228.00","3,228.00",-,-2.18%
2021年7月14日,"3,139.00","3,139.00","3,139.00","3,139.00",-,-2.76%
2021年7月15日,"3,073.00","3,073.00","3,073.00","3,073.00",-,-2.10%
2021年7月16日,"3,039.00","3,039.00","3,039.00","3,039.00",-,-1.11%
2021年7月19日,"3,059.00","3,059.00","3,059.00","3,059.00",-,0.66%
2021年7月20日,"3,053.00","3,053.00","3,053.00","3,053.00",-,-0.20%
2021年7月21日,"3,058.00","3,058.00","3,058.00","3,058.00",-,0.16%
2021年7月22日,"3,103.00","3,103.00","3,103.00","3,103.00",-,1.47%
2021年7月23日,"3,199.00","3,199.00","3,199.00","3,199.00",-,3.09%
2021年7月26日,"3,210.00","3,210.00","3,210.00","3,210.00",-,0.34%
2021年7月27日,"3,166.00","3,166.00","3,166.00","3,166.00",-,-1.37%
2021年7月28日,"3,154.00","3,154.00","3,154.00","3,154.00",-,-0.38%
2021年7月29日,"3,214.00","3,214.00","3,214.00","3,214.00",-,1.90%
2021年7月30日,"3,292.00","3,292.00","3,292.00","3,292.00",-,2.43%
2021年8月2日,"3,282.00","3,282.00","3,282.00","3,282.00",-,-0.30%
2021年8月3日,"3,281.00","3,281.00","3,281.00","3,281.00",-,-0.03%
2021年8月4日,"3,318.00","3,318.00","3,318.00","3,318.00",-,1.13%
2021年8月5日,"3,376.00","3,376.00","3,376.00","3,376.00",-,1.75%
2021年8月6日,"3,371.00","3,371.00","3,371.00","3,371.00",-,-0.15%
2021年8月9日,"3,371.00","3,371.00","3,371.00","3,371.00",-,0.00%
2021年8月10日,"3,375.00","3,375.00","3,375.00","3,375.00",-,0.12%
2021年8月11日,"3,410.00","3,410.00","3,410.00","3,410.00",-,1.04%
2021年8月12日,"3,503.00","3,503.00","3,503.00","3,503.00",-,2.73%
2021年8月13日,"3,566.00","3,566.00","3,566.00","3,566.00",-,1.80%
2021年8月16日,"3,606.00","3,606.00","3,606.00","3,606.00",-,1.12%
2021年8月17日,"3,657.00","3,657.00","3,657.00","3,657.00",-,1.41%
2021年8月18日,"3,833.00","3,833.00","3,833.00","3,833.00",-,4.81%
2021年8月19日,"3,976.00","3,976.00","3,976.00","3,976.00",-,3.73%
2021年8月20日,"4,092.00","4,092.00","4,092.00","4,092.00",-,2.92%
2021年8月23日,"4,147.00","4,147.00","4,147.00","4,147.00",-,1.34%
2021年8月24日,"4,201.00","4,201.00","4,201.00","4,201.00",-,1.30%
2021年8月25日,"4,193.00","4,193.00","4,193.00","4,193.00",-,-0.19%
2021年8月26日,"4,195.00","4,195.00","4,195.00","4,195.00",-,0.05%
2021年8月27日,"4,235.00","4,235.00","4,235.00","4,235.00",-,0.95%
2021年8月31日,"4,132.00","4,132.00","4,132.00","4,132.00",-,-2.43%
2021年9月1日,"4,013.00","4,013.00","4,013.00","4,013.00",-,-2.88%
2021年9月2日,"4,001.00","4,001.00","4,001.00","4,001.00",-,-0.30%
2021年9月3日,"3,944.00","3,944.00","3,944.00","3,944.00",-,-1.42%
2021年9月6日,"3,822.00","3,822.00","3,822.00","3,822.00",-,-3.09%
2021年9月7日,"3,707.00","3,707.00","3,707.00","3,707.00",-,-3.01%
2021年9月8日,"3,618.00","3,618.00","3,618.00","3,618.00",-,-2.40%
2021年9月9日,"3,643.00","3,643.00","3,643.00","3,643.00",-,0.69%
2021年9月10日,"3,864.00","3,864.00","3,864.00","3,864.00",-,6.07%
2021年9月13日,"4,163.00","4,163.00","4,163.00","4,163.00",-,7.74%
2021年9月14日,"4,221.00","4,221.00","4,221.00","4,221.00",-,1.39%
2021年9月15日,"4,233.00","4,233.00","4,233.00","4,233.00",-,0.28%
2021年9月16日,"4,215.00","4,215.00","4,215.00","4,215.00",-,-0.43%
2021年9月17日,"4,275.00","4,275.00","4,275.00","4,275.00",-,1.42%
2021年9月20日,"4,304.00","4,304.00","4,304.00","4,304.00",-,0.68%
2021年9月21日,"4,410.00","4,410.00","4,410.00","4,410.00",-,2.46%
2021年9月22日,"4,560.00","4,560.00","4,560.00","4,560.00",-,3.40%
2021年9月23日,"4,651.00","4,651.00","4,651.00","4,651.00",-,2.00%
2021年9月24日,"4,644.00","4,644.00","4,644.00","4,644.00",-,-0.15%
2021年9月27日,"4,717.00","4,717.00","4,717.00","4,717.00",-,1.57%
2021年9月28日,"4,962.00","4,962.00","4,962.00","4,962.00",-,5.19%
2021年9月29日,"5,197.00","5,197.00","5,197.00","5,197.00",-,4.74%
2021年9月30日,"5,167.00","5,167.00","5,167.00","5,167.00",-,-0.58%
2021年10月1日,"5,202.00","5,202.00","5,202.00","5,202.00",-,0.68%
2021年10月4日,"5,267.00","5,267.00","5,267.00","5,267.00",-,1.25%
2021年10月5日,"5,409.00","5,409.00","5,409.00","5,409.00",-,2.70%
2021年10月6日,"5,647.00","5,647.00","5,647.00","5,647.00",-,4.40%
2021年10月7日,"5,650.00","5,650.00","5,650.00","5,650.00",-,0.05%
2021年10月8日,"5,526.00","5,526.00","5,526.00","5,526.00",-,-2.19%
2021年10月11日,"5,488.00","5,488.00","5,488.00","5,488.00",-,-0.69%
2021年10月12日,"5,378.00","5,378.00","5,378.00","5,378.00",-,-2.00%
2021年10月13日,"5,206.00","5,206.00","5,206.00","5,206.00",-,-3.20%
2021年10月14日,"5,062.00","5,062.00","5,062.00","5,062.00",-,-2.77%
2021年10月15日,"4,854.00","4,854.00","4,854.00","4,854.00",-,-4.11%
2021年10月18日,"4,732.00","4,732.00","4,732.00","4,732.00",-,-2.51%
2021年10月19日,"4,714.00","4,714.00","4,714.00","4,714.00",-,-0.38%
2021年10月20日,"4,751.00","4,751.00","4,751.00","4,751.00",-,0.78%
2021年10月21日,"4,653.00","4,653.00","4,653.00","4,653.00",-,-2.06%
2021年10月22日,"4,410.00","4,410.00","4,410.00","4,410.00",-,-5.22%
2021年10月25日,"4,257.00","4,257.00","4,257.00","4,257.00",-,-3.47%
2021年10月26日,"4,056.00","4,056.00","4,056.00","4,056.00",-,-4.72%
2021年10月27日,"3,808.00","3,808.00","3,808.00","3,808.00",-,-6.11%
2021年10月28日,"3,630.00","3,630.00","3,630.00","3,630.00",-,-4.67%
2021年10月29日,"3,519.00","3,519.00","3,519.00","3,519.00",-,-3.06%
2021年11月1日,"3,428.00","3,428.00","3,428.00","3,428.00",-,-2.59%
2021年11月2日,"3,187.00","3,187.00","3,187.00","3,187.00",-,-7.03%
2021年11月3日,"2,892.00","2,892.00","2,892.00","2,892.00",-,-9.26%
2021年11月4日,"2,769.00","2,769.00","2,769.00","2,769.00",-,-4.25%
2021年11月5日,"2,715.00","2,715.00","2,715.00","2,715.00",-,-1.95%
2021年11月8日,"2,718.00","2,718.00","2,718.00","2,718.00",-,0.11%
2021年11月9日,"2,805.00","2,805.00","2,805.00","2,805.00",-,3.20%
2021年11月10日,"2,861.00","2,861.00","2,861.00","2,861.00",-,2.00%
2021年11月11日,"2,844.00","2,844.00","2,844.00","2,844.00",-,-0.59%
2021年11月12日,"2,807.00","2,807.00","2,807.00","2,807.00",-,-1.30%
2021年11月15日,"2,759.00","2,759.00","2,759.00","2,759.00",-,-1.71%
2021年11月16日,"2,591.00","2,591.00","2,591.00","2,591.00",-,-6.09%
2021年11月17日,"2,430.00","2,430.00","2,430.00","2,430.00",-,-6.21%
2021年11月18日,"2,454.00","2,454.00","2,454.00","2,454.00",-,0.99%
2021年11月19日,"2,552.00","2,552.00","2,552.00","2,552.00",-,3.99%
2021年11月22日,"2,645.00","2,645.00","2,645.00","2,645.00",-,3.64%
2021年11月23日,"2,715.00","2,715.00","2,715.00","2,715.00",-,2.65%
2021年11月24日,"2,654.00","2,654.00","2,654.00","2,654.00",-,-2.25%
2021年11月25日,"2,678.00","2,678.00","2,678.00","2,678.00",-,0.90%
2021年11月26日,"2,767.00","2,767.00","2,767.00","2,767.00",-,3.32%
